Date,STOCKS,MARKET,CASH,ENERGY,REALEST,UST10,GOLD,SILVER,CMDTY,CPI
1926-07-31,,0.0311,0.0022,-0.0135,0.029,0.0002577529582,,,,-0.01129943503
1926-08-31,,0.0289,0.0025,0.0364,0.0531,0.003083333333,,,,-0.005714285714
1926-09-30,,0.0061,0.0023,-0.0359,-0.0306,0.005897239476,,,,0.005747126437
1926-10-31,,-0.0295,0.0032,-0.0104,-0.0575,0.01155354954,,,,0.005714285714
1926-11-30,,0.0285,0.0031,0.0005,0.0221,0.01154906527,,,,0.005681818182
1926-12-31,,0.029,0.0028,0.0294,0.0795,0.01010883255,,,,0
1927-01-31,-0.0024,0.002,0.0025,0.0167,-0.0156,0.007221819149,,,,-0.01129943503
1927-02-28,0.0704,0.0443,0.0026,0.0112,0.043,0.01881129145,,,,-0.005714285714
1927-03-31,0.055,0.0044,0.003,-0.0703,-0.043,0.005706505688,,,,-0.005747126437
1927-04-30,0.0549,0.0072,0.0025,-0.0579,0.0069,0.008608933905,,,,0
1927-05-31,0.0599,0.0575,0.003,0.0496,0.0434,-0.001592840526,,,,0.005780346821
1927-06-30,-0.0177,-0.0212,0.0026,-0.0313,0.0359,-0.0001122321922,,,,0.01149425287
1927-07-31,0.1304,0.0756,0.003,0.0292,0.0391,0.0086120264,,,,-0.01704545455
1927-08-31,0.0557,0.0227,0.0028,-0.0026,0.0216,0.005677924115,,,,-0.005780346821
1927-09-30,0.0729,0.0498,0.0021,0.0348,-0.0051,0.004206942347,,,,0.005813953488
1927-10-31,-0.0604,-0.0404,0.0025,-0.0174,-0.0425,0.01153082724,,,,0.005780346821
1927-11-30,0.0621,0.0673,0.0021,0.0389,0.0977,0.01152870663,,,,-0.005747126437
1927-12-31,0.05,0.0231,0.0022,0.0006,0.0097,0.001170160996,,,,0
1928-01-31,-0.0084,-0.0032,0.0025,-0.0171,0.0172,0.001179826913,,,,0
1928-02-29,0.0017,-0.0136,0.0033,-0.0008,0.02,0.00560401332,,,,-0.01156069364
1928-03-31,0.1275,0.0908,0.0029,0.0565,0.0245,-0.001764860054,,,,0
1928-04-30,0.0292,0.0447,0.0022,0.164,0.2438,-0.003187478016,,,,0
1928-05-31,0.0521,0.0184,0.0032,-0.0579,0.033,-0.004584711735,,,,0.005847953216
1928-06-30,-0.0357,-0.0459,0.0031,-0.0392,-0.066,-0.01597830374,,,,-0.005813953488
1928-07-31,0.0219,0.0095,0.0032,0.0118,-0.0052,-0.005743638298,,,,0
1928-08-31,0.0913,0.0701,0.0032,0.0245,0.0483,0.005769682536,,,,0
1928-09-30,0.0567,0.0314,0.0027,0.0575,-0.013,0.001449777007,,,,0.01169590643
1928-10-31,0.0728,0.0172,0.0041,0.0226,-0.0186,0.01589829574,,,,-0.005780346821
1928-11-30,0.246,0.122,0.0038,0.179,0.0805,-0.007236228462,,,,0
1928-12-31,0.0218,0.0046,0.0006,-0.0456,-0.017,-0.007115095716,,,,-0.005813953488
1929-01-31,-0.0214,0.05,0.0034,-0.0809,0.156,-0.01121147145,,,,0
1929-02-28,0.0317,0.0002,0.0036,-0.0022,0.0567,-0.0137771375,,,,0
1929-03-31,0.0236,-0.0051,0.0034,0.1219,-0.0364,0.0172363153,,,,-0.005847953216
1929-04-30,0.0065,0.0183,0.0036,0.0089,0.0334,0.003033333333,,,,-0.005882352941
1929-05-31,-0.1235,-0.0594,0.0044,-0.0562,-0.0842,-0.003995187458,,,,0.005917159763
1929-06-30,0.0935,0.1022,0.0052,0.0108,0.0645,0.01013482432,,,,0.005882352941
1929-07-31,0.0535,0.0481,0.0033,-0.0086,-0.0166,-0.006789144765,,,,0.01169590643
1929-08-31,0.0857,0.0854,0.004,0.1175,0.0582,0.004496123521,,,,0
1929-09-30,-0.0315,-0.051,0.0035,-0.031,-0.0553,0.01582499985,,,,0
1929-10-31,-0.2707,-0.1961,0.0046,-0.1029,-0.0976,0.04068457394,,,,0
1929-11-30,-0.1636,-0.125,0.0037,-0.0658,0.037,0.001343883904,,,,0
1929-12-31,0.0421,0.0165,0.0037,-0.0088,-0.0793,-0.007270942706,,,,-0.005780346821
1930-01-31,0.038,0.0575,0.0014,-0.0082,0.0208,0.00574091538,,,,-0.005813953488
1930-02-28,0.0358,0.028,0.003,-0.0506,-0.0474,0.02032497483,,,,-0.005847953216
1930-03-31,0.088,0.0744,0.0035,0.1921,0.0754,-0.008830181659,,,,-0.005882352941
1930-04-30,-0.0133,-0.0184,0.0021,0.0731,-0.0232,0.01153423419,,,,0.005917159763
1930-05-31,-0.0103,-0.014,0.0026,-0.0382,-0.0217,0.01153161715,,,,-0.005882352941
1930-06-30,-0.163,-0.1581,0.0027,-0.157,-0.1907,0.002708333333,,,,-0.005917159763
1930-07-31,0.0652,0.0432,0.002,0.0552,-0.0139,0.001247439845,,,,-0.0119047619
1930-08-31,0.0117,0.0039,0.0009,-0.034,-0.0786,0.005643739008,,,,-0.006024096386
1930-09-30,-0.119,-0.1259,0.0022,-0.16,-0.1637,0.007102539384,,,,0.006060606061
1930-10-31,-0.0722,-0.0869,0.0009,-0.0825,-0.1685,0.005615346174,,,,-0.006024096386
1930-11-30,-0.0172,-0.0291,0.0013,-0.0342,-0.102,-0.001740223909,,,,-0.006060606061
1930-12-31,-0.0286,-0.0772,0.0014,-0.1271,-0.1762,0.005621017814,,,,-0.01829268293
1931-01-31,0.0561,0.064,0.0015,0.054,0.0554,-0.01188962058,,,,-0.01242236025
1931-02-28,0.0657,0.1092,0.0004,0.0634,0.2444,0.007128724179,,,,-0.01257861635
1931-03-31,-0.0065,-0.0622,0.0013,-0.1464,-0.1844,0.004185893489,,,,-0.006369426752
1931-04-30,-0.0429,-0.0992,0.0008,-0.1399,-0.2097,0.01745842726,,,,-0.00641025641
1931-05-31,-0.0993,-0.132,0.0009,-0.1179,-0.2175,0.007067917541,,,,-0.01290322581
1931-06-30,0.0782,0.1401,0.0008,0.1718,0.1838,-0.0003426944054,,,,-0.01307189542
1931-07-31,-0.0105,-0.0657,0.0006,-0.0299,-0.0989,-0.001789517011,,,,0
1931-08-31,-0.0054,0.0043,0.0003,0.1002,0.0636,-0.007585497784,,,,0
1931-09-30,-0.239,-0.2871,0.0003,-0.305,-0.366,-0.0509940973,,,,-0.006622516556
1931-10-31,0.1116,0.0809,0.001,0.1549,0.0876,0.003025,,,,-0.006666666667
1931-11-30,-0.0324,-0.0897,0.0017,-0.0843,-0.1415,-0.03826122173,,,,-0.01342281879
1931-12-31,-0.0521,-0.134,0.0012,-0.1884,-0.2304,-0.04084936889,,,,-0.006802721088
1932-01-31,-0.008,-0.0134,0.0023,-0.0518,0.0118,0.02387009645,,,,-0.02054794521
1932-02-29,0.019,0.0568,0.0023,0.0912,0.0761,0.02959594872,,,,-0.01398601399
1932-03-31,-0.0487,-0.1114,0.0016,-0.0067,-0.0031,0.03703354038,,,,-0.007092198582
1932-04-30,-0.0965,-0.1783,0.0011,-0.1417,-0.1425,-0.00810938681,,,,-0.007142857143
1932-05-31,-0.1328,-0.2045,0.0006,-0.0492,-0.5254,0.003133333333,,,,-0.01438848921
1932-06-30,0.0122,-0.0075,0.0002,0.0615,-0.081,0.02868489572,,,,-0.007299270073
1932-07-31,0.1257,0.3363,0.0002,0.3352,0.2647,0.02165299572,,,,0
1932-08-31,0.1618,0.3715,0.0003,0.1729,0.4767,0.007194993171,,,,-0.007352941176
1932-09-30,-0.0416,-0.0291,0.0003,-0.1059,-0.0836,0.001411293899,,,,-0.007407407407
1932-10-31,-0.0282,-0.1313,0.0002,-0.03,-0.1013,-1.392241779e-05,,,,-0.007462686567
1932-11-30,-0.2204,-0.0586,0.0002,-0.0403,-0.1233,0.01736586177,,,,-0.007518796992
1932-12-31,0.0269,0.0443,0.0001,0.0034,-0.173,0.02185208138,,,,-0.007575757576
1933-01-31,-0.0348,0.0125,0.0001,-0.0327,0.0988,-0.01040551795,,,,-0.01526717557
1933-02-28,-0.1413,-0.1532,-0.0003,-0.1302,-0.2787,-0.01308164163,,,,-0.01550387597
1933-03-31,0.0883,0.031,0.0004,0.0363,0.0514,0.00285,,,,-0.007874015748
1933-04-30,0.2868,0.3891,0.001,0.3947,0.4912,0.02031754469,,,,0
1933-05-31,0.1883,0.2147,0.0004,0.1707,0.4683,0.01595761815,,,,0
1933-06-30,0.1708,0.1312,0.0002,0.1177,0.3913,0.00414384224,,,,0.007936507937
1933-07-31,-0.1362,-0.0962,0.0002,-0.1161,-0.2632,0.001199153539,,,,0.03149606299
1933-08-31,0.1734,0.1207,0.0003,0.1915,0.1609,0.005615346174,,,,0.007633587786
1933-09-30,-0.0725,-0.1063,0.0002,-0.0217,-0.2144,-0.001740223909,,,,0
1933-10-31,-0.0816,-0.0835,0.0001,-0.0453,-0.0907,-0.0317528571,,,,0
1933-11-30,0.0746,0.0999,0.0002,0.1486,0.111,-0.007097837418,,,,0
1933-12-31,0.0185,0.0184,0.0002,-0.0116,0.1074,0.007230801099,,,,0
1934-01-31,0.1243,0.1265,0.0005,0.0839,0.4414,0.02907078547,,,,0
1934-02-28,-0.0016,-0.0249,0.0002,-0.0346,-0.1551,0.02039277355,,,,0.007575757576
1934-03-31,0.0105,0.0011,0.0002,-0.0121,-0.0231,0.0159946102,,,,0
1934-04-30,-0.0768,-0.0178,0.0001,-0.0199,-0.0833,0.0160292555,,,,0
1934-05-31,-0.0869,-0.0725,0.0001,-0.0452,-0.068,0.008510771659,,,,0
1934-06-30,0.027,0.0272,0.0001,0.0115,-0.0759,0.01152396147,,,,0.007518796992
1934-07-31,-0.0902,-0.1093,0.0001,-0.0945,-0.2659,-0.0139754182,,,,0
1934-08-31,0.1017,0.0559,0.0001,0.0607,0.0858,-0.02244531809,,,,0
1934-09-30,-0.0086,-0.0023,0.0001,-0.0245,-0.0287,0.01748895857,,,,0.01492537313
1934-10-31,0.0383,-0.0165,0.0001,-0.0477,-0.1035,0.00704217182,,,,-0.007352941176
1934-11-30,0.1365,0.0834,0.0001,0.0706,0.1711,0.01152490104,,,,0
1934-12-31,0.04,0.0037,0.0001,0.0067,0.0241,0.02216828885,,,,-0.007407407407
1935-01-31,-0.0029,-0.0345,0.0001,-0.0431,-0.0557,0.01612374165,,,,0.01492537313
1935-02-28,0.0325,-0.0194,0.0002,-0.0326,-0.1388,0.00538034127,,,,0.007352941176
1935-03-31,-0.0189,-0.037,0.0001,-0.0367,-0.1392,0.006904033983,,,,0
1935-04-30,0.0671,0.0907,0.0001,0.1562,0.1362,0.005352791816,,,,0.007299270073
1935-05-31,0.0137,0.0347,0.0001,0.0368,0.221,0.002266666667,,,,0
1935-06-30,0.0674,0.0594,0.0001,0.0145,-0.1266,0.006883627042,,,,-0.007246376812
1935-07-31,0.0643,0.0755,0.0001,0.0005,0.1819,-0.008461883802,,,,0
1935-08-31,0.0346,0.0266,0.0001,-0.0196,0.1033,-0.01134825769,,,,0
1935-09-30,0.0874,0.0263,0.0001,-0.0339,-0.0511,0.002375,,,,0
1935-10-31,0.1209,0.0704,0.0001,0.1382,0.2917,0.005413522855,,,,0
1935-11-30,0.0301,0.0489,0.0002,0.0268,0.1725,0.0008404669977,,,,0.007299270073
1935-12-31,0.0807,0.0456,0.0001,0.143,0.2676,0.006932838034,,,,0
1936-01-31,0.13,0.069,0.0001,0.1418,0.1184,0.006920460119,,,,0
1936-02-29,0.0117,0.025,0.0001,0.0113,0.0128,0.009983235649,,,,0
1936-03-31,0.0526,0.0098,0.0002,0.0176,-0.132,0.006887697208,,,,-0.007246376812
1936-04-30,-0.127,-0.0812,0.0002,-0.1017,-0.2536,0.005330819447,,,,0
1936-05-31,0.074,0.0521,0.0002,-0.0062,0.1149,0.0006943465416,,,,0
1936-06-30,-0.0122,0.0243,0.0003,0.0178,-0.0015,0.00378207639,,,,0.007299270073
1936-07-31,0.0751,0.0669,0.0001,0.047,0.011,0.008417814418,,,,0.007246376812
1936-08-31,0.0025,0.0101,0.0002,-0.0075,0.0739,0.0006553101946,,,,0.007194244604
1936-09-30,0.0116,0.0098,0.0001,0.01,-0.0937,-0.002412895838,,,,0
1936-10-31,0.0772,0.0712,0.0002,0.124,0.1681,0.0146482219,,,,0
1936-11-30,0.0303,0.0327,0.0001,0.0145,0.423,0.003719967686,,,,0
1936-12-31,0.0416,0.002,0,0.092,0.1517,0.005270706605,,,,0
1937-01-31,0.0355,0.0336,0.0001,0.0241,0.1227,0.006823254877,,,,0.007142857143
1937-02-28,0.0597,0.011,0.0002,0.0136,-0.0481,-0.01640246806,,,,0
1937-03-31,0.0403,-0.0025,0.0001,0.0349,-0.1375,-0.0236107776,,,,0.007092198582
1937-04-30,-0.1453,-0.0733,0.0003,-0.0525,-0.1732,0.006928706526,,,,0.007042253521
1937-05-31,-0.0193,-0.0077,0.0006,-0.002,-0.052,0.0008112762109,,,,0.006993006993
1937-06-30,-0.0702,-0.042,0.0003,-0.0261,-0.0958,0.006920460119,,,,0
1937-07-31,0.0979,0.0894,0.0003,0.0848,0.1963,0.002316666667,,,,0.006944444444
1937-08-31,-0.0737,-0.0486,0.0002,-0.0665,-0.092,-0.003765966756,,,,0
1937-09-30,-0.2074,-0.1358,0.0004,-0.131,-0.252,0.00235,,,,0.006896551724
1937-10-31,-0.1226,-0.0957,0.0002,-0.069,-0.0999,0.008455057937,,,,0
1937-11-30,-0.1258,-0.0831,0.0002,-0.1157,0,0.009983235649,,,,-0.006849315068
1937-12-31,-0.0075,-0.0429,0,-0.0116,-0.1908,0.008430947167,,,,-0.006896551724
1938-01-31,-0.0118,0.0048,0,0.0047,-0.015,0.00378207639,,,,-0.01388888889
1938-02-28,0.0165,0.0585,0,0.0954,0.042,0.003775167868,,,,-0.007042253521
1938-03-31,-0.1747,-0.2392,-0.0001,-0.2544,-0.2608,0.003768261228,,,,0
1938-04-30,0.1381,0.1449,0.0001,0.163,0.1574,0.01779298976,,,,0.007092198582
1938-05-31,0.008,-0.0386,0,-0.0589,0.0105,-0.0009761524132,,,,-0.007042253521
1938-06-30,0.1023,0.2389,0,0.2198,0.2125,0.00215,,,,0
1938-07-31,0.049,0.0732,-0.0001,0.0733,0.0684,0.003706186636,,,,0
1938-08-31,-0.0128,-0.0268,0,-0.0888,-0.1002,-0.007143649098,,,,0
1938-09-30,0.0024,0.0085,0.0002,0.0087,-0.0139,0.01466430585,,,,0
1938-10-31,0.0726,0.0781,0.0001,-0.0149,0.0909,0.0005673676903,,,,-0.007092198582
1938-11-30,-0.014,-0.018,-0.0006,-0.0014,-0.0833,0.002133333333,,,,0
1938-12-31,0.088,0.0416,0,0.0498,0.0562,0.00525439214,,,,0
1939-01-31,-0.0921,-0.0598,-0.0001,-0.0627,-0.1001,0.006811335028,,,,0
1939-02-28,0.0472,0.0352,0.0001,-0.0123,-0.0112,0.01470447755,,,,-0.007142857143
1939-03-31,-0.1837,-0.1204,-0.0001,-0.0827,-0.1079,0.009944923445,,,,0
1939-04-30,0.0216,-0.0018,0,-0.0106,0.0027,0.01958775302,,,,-0.007194244604
1939-05-31,0.0909,0.0682,0.0001,0.0255,-0.0208,0.009931386488,,,,0
1939-06-30,-0.0614,-0.0532,0.0001,-0.0593,-0.2385,0.0002435684946,,,,0
1939-07-31,0.1337,0.1022,0,0.029,0.005,-0.004543273826,,,,0
1939-08-31,-0.0426,-0.0669,-0.0001,-0.039,-0.0731,-0.05978171472,,,,0
1939-09-30,0.0792,0.169,0.0001,0.2505,0.1144,0.01308802749,,,,0.02173913043
1939-10-31,0.0547,-0.0053,0,-0.0386,-0.1116,0.02417739427,,,,-0.007092198582
1939-11-30,-0.0708,-0.0365,0,-0.0602,-0.0039,0.01952282113,,,,0
1939-12-31,0.0719,0.0293,0,-0.0009,0.018,0.00993783604,,,,0
1940-01-31,0.0003,-0.0241,0,-0.0217,0.0975,-0.001269152695,,,,-0.007142857143
1940-02-29,0.052,0.0144,0,0.0092,-0.0138,0.01154477058,,,,0.007194244604
1940-03-31,0.0464,0.0205,0,0.0171,0.084,0.001883333333,,,,0
1940-04-30,0.0384,0.0022,0,0.0016,-0.2254,-0.01868921995,,,,0
1940-05-31,-0.2832,-0.2202,-0.0002,-0.2463,-0.2727,0.0004106411933,,,,0
1940-06-30,0.0632,0.0669,0,0.056,0,0.01795900541,,,,0.007142857143
1940-07-31,0.0437,0.0318,0.0001,0.0321,0.0532,0.0003222625507,,,,-0.007092198582
1940-08-31,0.0216,0.022,-0.0001,0.0141,-0.0653,0.01154547578,,,,0
1940-09-30,0.0068,0.0239,0,-0.0236,0.5871,0.008312833766,,,,0
1940-10-31,0.0277,0.0303,0,0.0636,-0.048,0.02137515558,,,,0
1940-11-30,-0.0081,-0.0165,0,0.0084,-0.2899,0.01486308034,,,,0
1940-12-31,0.0186,0.0069,0,0.0223,0.1833,-0.01617998087,,,,0.007142857143
1941-01-31,-0.0527,-0.0419,-0.0001,-0.0206,0.13,-0.01431277298,,,,0
1941-02-28,-0.0228,-0.0144,-0.0001,-0.0068,-0.1151,0.01808180079,,,,0
1941-03-31,-0.0066,0.0085,0.0001,0.0377,0.2501,0.009921040728,,,,0.007092198582
1941-04-30,-0.0483,-0.0547,-0.0001,0.0145,-0.284,0.006631549259,,,,0.007042253521
1941-05-31,0.0128,0.0137,0,0.0551,-0.0391,0.006620530127,,,,0.006993006993
1941-06-30,0.0418,0.0583,0,0.051,0.1861,0.006609567306,,,,0.02083333333
1941-07-31,0.0825,0.059,0.0003,0.1095,0.1235,-0.003270530127,,,,0
1941-08-31,-0.0045,-0.0016,0.0001,-0.0347,0.0083,3.637880192e-05,,,,0.01360544218
1941-09-30,-0.0065,-0.0087,0.0001,-0.006,-0.1096,0.008262756408,,,,0.01342281879
1941-10-31,-0.0006,-0.0526,0,0.0228,-0.2069,-0.05558736365,,,,0.01324503311
1941-11-30,0,-0.0195,0,0.0319,-0.2066,-0.0184694884,,,,0.006535947712
1941-12-31,-0.0809,-0.0487,0.0001,-0.1119,0.033,0.0004890664664,,,,0.006493506494
1942-01-31,0.0023,0.0081,0.0002,-0.0168,0.0657,0.002066666667,,,,0.01290322581
1942-02-28,-0.0302,-0.0245,0.0001,-0.0591,0.011,0.005211056324,,,,0.006369426752
1942-03-31,-0.061,-0.0659,0.0001,-0.0831,-0.008,0.005200261135,,,,0.01265822785
1942-04-30,-0.0279,-0.0436,0.0001,-0.0354,-0.02,0.0004596716089,,,,0.00625
1942-05-31,0.0124,0.0599,0.0003,0.069,0.022,0.005194869389,,,,0.01242236025
1942-06-30,0.0146,0.027,0.0002,0.0446,-0.0048,-0.002691584486,,,,0
1942-07-31,0.081,0.0354,0.0003,0.0605,0.0038,0.0004792701228,,,,0.006134969325
1942-08-31,0.014,0.0183,0.0003,0.0359,-0.0447,0.003630528162,,,,0.006097560976
1942-09-30,0.0523,0.0265,0.0003,0.0235,0.0971,0.003623661724,,,,0
1942-10-31,0.0737,0.0685,0.0003,0.0966,-0.1095,-0.001099793088,,,,0.01212121212
1942-11-30,-0.0186,0.0016,0.0003,0.0099,0.0445,-0.001077278257,,,,0.005988023952
1942-12-31,0.0633,0.0517,0.0003,0.0758,-0.0934,0.006791584486,,,,0.005952380952
1943-01-31,0.0873,0.0716,0.0003,0.0637,0.2373,0.00205,,,,0
1943-02-28,0.0933,0.0619,0.0003,0.079,0.5877,-0.001088533734,,,,0
1943-03-31,0.1259,0.0606,0.0003,0.0694,-0.0957,0.002066666667,,,,0.01775147929
1943-04-30,0.1287,0.0084,0.0003,0.0085,-0.0084,0.005211056324,,,,0.01162790698
1943-05-31,0.1562,0.0577,0.0002,0.0572,0.3345,0.003623661724,,,,0.005747126437
1943-06-30,-0.0365,0.0185,0.0003,0.0128,-0.0074,0.002041666667,,,,0
1943-07-31,-0.1343,-0.0475,0.0003,-0.0279,-0.1235,0.000469471838,,,,-0.005714285714
1943-08-31,-0.0075,0.0133,0.0003,0.0107,-0.011,-0.001088533734,,,,-0.005747126437
1943-09-30,0.0601,0.0243,0.0003,0.0138,-0.0372,0.002066666667,,,,0.005780346821
1943-10-31,0,-0.0112,0.0003,-0.0208,0.0682,0.002066666667,,,,0
1943-11-30,-0.1416,-0.059,0.0003,-0.0692,-0.0926,0.0004988608717,,,,0
1943-12-31,0.1531,0.064,0.0003,0.0734,0.1926,0.002075,,,,0
1944-01-31,0.0314,0.0177,0.0003,0.0042,0.0307,0.002075,,,,0
1944-02-29,0.0012,0.004,0.0003,0.0006,-0.1108,0.003644266867,,,,0
1944-03-31,0.0755,0.0248,0.0002,0.0182,0.1126,0.002066666667,,,,0
1944-04-30,-0.0238,-0.0166,0.0003,-0.0133,-0.0256,0.0004988608717,,,,0.005747126437
1944-05-31,0.0581,0.0511,0.0003,0.0495,0.0504,0.002075,,,,0
1944-06-30,0.025,0.0554,0.0003,0.0051,0.119,0.002075,,,,0.005714285714
1944-07-31,-0.0258,-0.0146,0.0003,-0.013,-0.0745,0.003644266867,,,,0.005681818182
1944-08-31,0.0707,0.0159,0.0003,-0.0194,0.1561,0.003637396544,,,,0
1944-09-30,-0.0202,0.0004,0.0002,-0.0136,-0.0488,0.0004890664664,,,,0
1944-10-31,-0.0268,0.0019,0.0003,0.0189,0.0197,0.002066666667,,,,0
1944-11-30,0.036,0.0174,0.0003,0.0265,-0.0456,0.002066666667,,,,0
1944-12-31,0.0979,0.0406,0.0002,0.0506,0.3135,0.008367188937,,,,0.005649717514
1945-01-31,0.0355,0.0204,0.0003,0.0497,0.1159,0.01153724147,,,,0
1945-02-28,0.1131,0.0625,0.0002,0.0737,0.0144,-0.001178717613,,,,0
1945-03-31,-0.056,-0.0389,0.0002,-0.0525,-0.0773,0.003582504098,,,,0
1945-04-30,0.1455,0.0783,0.0003,0.0691,0.0198,0.001991666667,,,,0
1945-05-31,0.0182,0.0177,0.0003,-0.0095,0.0257,0.008345419805,,,,0.005617977528
1945-06-30,0.0759,0.0041,0.0002,-0.0056,0.0114,0.003548260101,,,,0.01117318436
1945-07-31,-0.083,-0.0214,0.0003,-0.0325,0.0037,-0.001223903558,,,,0
1945-08-31,0.0312,0.0625,0.0003,0.023,0.0118,0.0003811994184,,,,0
1945-09-30,0.0807,0.048,0.0003,0.019,0.2868,0.005151876569,,,,0
1945-10-31,0.0917,0.0392,0.0003,0.063,0.0736,0.005141167798,,,,0
1945-11-30,0.0893,0.0542,0.0002,0.0842,0.15,0.001941666667,,,,0
1945-12-31,0.0537,0.0122,0.0003,-0.0028,0.1207,0.02125516796,,,,0.005524861878
1946-01-31,0.1109,0.0627,0.0003,-0.0015,0.2751,0.01645028738,,,,0
1946-02-28,-0.066,-0.0581,0.0003,-0.0472,-0.0979,0.006650038896,,,,-0.005494505495
1946-03-31,0.0834,0.0591,0.0003,0.1117,0.0316,0.003370998413,,,,0.01104972376
1946-04-30,0.0477,0.0426,0.0003,0.088,-0.0025,-0.01600409476,,,,0.005464480874
1946-05-31,0.031,0.0397,0.0003,0.0368,0.0769,0.006676183634,,,,0.005434782609
1946-06-30,-0.0439,-0.0386,0.0003,-0.0314,-0.0692,-0.001428028028,,,,0.01081081081
1946-07-31,-0.0236,-0.0266,0.0003,-0.0007,-0.078,-0.00621549086,,,,0.05882352941
1946-08-31,-0.0665,-0.0643,0.0003,-0.0567,-0.1201,-0.006136163543,,,,0.0202020202
1946-09-30,-0.1423,-0.1015,0.0003,-0.0799,-0.1636,0.005103812414,,,,0.009900990099
1946-10-31,-0.0157,-0.0141,0.0003,-0.0067,-0.0682,0.003486745963,,,,0.01960784314
1946-11-30,0.0015,0.0001,0.0003,0.0058,-0.0343,0.003479921062,,,,0.02403846154
1946-12-31,0.0743,0.05,0.0003,0.0442,-0.0007,0.006695041991,,,,0.009389671362
1947-01-31,-0.0296,0.0128,0.0003,-0.0071,-0.0077,0.001841666667,,,,0
1947-02-28,-0.0247,-0.0106,0.0003,-0.0275,0.0431,0.005066653593,,,,0
1947-03-31,-0.0021,-0.0165,0.0003,0.0226,-0.1019,0.001825,,,,0.01860465116
1947-04-30,-0.0575,-0.0477,0.0003,-0.0036,-0.0754,0.001825,,,,0
1947-05-31,-0.0043,-0.0093,0.0003,0.0267,-0.0174,-0.002998831893,,,,0
1947-06-30,0.0526,0.0533,0.0003,0.0772,0.0557,-0.00296023789,,,,0.004566210046
1947-07-31,0.0379,0.0416,0.0003,0.0368,0.0835,0.003479921062,,,,0.009090909091
1947-08-31,-0.0244,-0.0171,0.0003,-0.0235,-0.0616,0.001866666667,,,,0.01351351351
1947-09-30,-0.0016,-0.0048,0.0006,-0.0295,-0.0357,-0.002934538703,,,,0.02222222222
1947-10-31,0.045,0.0253,0.0006,0.0529,0.0538,-0.01239089935,,,,0
1947-11-30,-0.0043,-0.0193,0.0006,-0.0044,-0.0602,-0.002780845629,,,,0.004347826087
1947-12-31,0.0534,0.0309,0.0008,0.0943,0.104,-0.00745030368,,,,0.01298701299
1948-01-31,-0.0471,-0.0386,0.0007,-0.0755,-0.071,0.002041666667,,,,0.01282051282
1948-02-29,-0.0366,-0.0431,0.0007,-0.029,-0.0919,0.003616797234,,,,-0.008438818565
1948-03-31,0.1287,0.082,0.0009,0.0994,0.0955,0.002033333333,,,,-0.004255319149
1948-04-30,0.0718,0.0373,0.0008,0.1136,-0.0033,0.005189481549,,,,0.01709401709
1948-05-31,0.0765,0.074,0.0008,0.06,0.1764,0.003596215477,,,,0.004201680672
1948-06-30,0.0348,-0.0002,0.0009,0.0353,-0.109,0.002008333333,,,,0.008368200837
1948-07-31,-0.0612,-0.05,0.0008,-0.0726,-0.075,-0.004286313565,,,,0.01244813278
1948-08-31,-0.001,0.0033,0.0009,-0.0207,0.0032,0.002041666667,,,,0.004098360656
1948-09-30,-0.0595,-0.0295,0.0004,-0.0445,0.0144,0.002041666667,,,,0
1948-10-31,0.0715,0.06,0.0004,0.0924,0.0359,0.003616797234,,,,-0.004081632653
1948-11-30,-0.1174,-0.093,0.0004,-0.1236,-0.0609,0.002033333333,,,,-0.008196721311
1948-12-31,0.0554,0.033,0.0004,0.0488,0.0064,0.005189481549,,,,-0.004132231405
1949-01-31,-0.017,0.0033,0.001,-0.0382,-0.0516,0.006764178962,,,,-0.004149377593
1949-02-28,-0.0424,-0.0284,0.0009,-0.0423,0.0045,0.003575651356,,,,-0.008333333333
1949-03-31,0.0692,0.0415,0.001,0.0609,0.1211,0.001983333333,,,,0
1949-04-30,-0.0132,-0.0178,0.0009,0.0145,-0.0067,0.001983333333,,,,0.004201680672
1949-05-31,-0.0218,-0.0288,0.001,-0.0575,-0.0118,0.001983333333,,,,-0.004184100418
1949-06-30,-0.0053,0.002,0.001,-0.012,-0.0271,0.01958775302,,,,0.004201680672
1949-07-31,0.0488,0.0563,0.0009,0.0624,0.0205,0.006706429852,,,,-0.008368200837
1949-08-31,0.026,0.0268,0.0009,0.0554,0.0652,0.005082554595,,,,0.004219409283
1949-09-30,0.0463,0.0318,0.0009,0.0302,0.0505,0.00185,,,,0.004201680672
1949-10-31,0.0519,0.0323,0.0009,0.0378,0.0661,0.00507194988,,,,-0.008368200837
1949-11-30,0.0366,0.0189,0.0008,-0.0297,0.0509,0.003445826796,,,,0.004219409283
1949-12-31,0.0642,0.0523,0.0009,0.0116,0.019,0.0002140250601,,,,-0.008403361345
1950-01-31,0.0263,0.0179,0.0009,-0.0072,-0.024,-0.004586350913,,,,-0.004237288136
1950-02-28,0.0206,0.0157,0.0009,-0.0049,0.0047,-0.002934538703,,,,0
1950-03-31,0.0216,0.0136,0.001,0.0492,-0.0528,-0.002896034958,,,,0.004255319149
1950-04-30,0.0319,0.0403,0.0009,0.0334,0.0717,0.0003222625507,,,,0
1950-05-31,0.0353,0.0442,0.001,0.0879,0.0256,-0.001257834465,,,,0.004237288136
1950-06-30,-0.0733,-0.0586,0.001,-0.0438,-0.1121,0.0003517398986,,,,0.004219409283
1950-07-31,0.0038,0.0147,0.001,0.0864,0.006,0.003541417232,,,,0.01260504202
1950-08-31,0.0791,0.0496,0.001,0.0433,0.0831,-0.002819188671,,,,0.008298755187
1950-09-30,0.0388,0.0492,0.001,0.0354,0.0556,-0.001201302711,,,,0.004115226337
1950-10-31,0.0172,-0.0007,0.0012,0.0034,0.0522,0.001983333333,,,,0.008196721311
1950-11-30,0.0124,0.0285,0.0011,0.0535,0.0448,0.0004008292349,,,,0.00406504065
1950-12-31,0.0959,0.0568,0.0011,0.0861,0.0488,0.001991666667,,,,0.01214574899
1951-01-31,0.0617,0.0583,0.0013,0.0634,0.1389,0.0004106411933,,,,0.016
1951-02-28,-0.0073,0.015,0.001,0.0097,-0.0313,-0.00899510914,,,,0.01181102362
1951-03-31,-0.05,-0.0205,0.0011,-0.0231,-0.0175,-0.01196035745,,,,0.003891050584
1951-04-30,0.0775,0.0499,0.0013,0.1104,-0.0137,-0.008699535059,,,,0
1951-05-31,-0.0376,-0.0224,0.0012,-0.0308,0.0064,-0.0008977129442,,,,0.003875968992
1951-06-30,-0.0385,-0.0251,0.0012,0.0111,-0.0061,0.005303438588,,,,0
1951-07-31,0.1197,0.0708,0.0013,0.1146,-0.0056,0.01152878648,,,,0
1951-08-31,0.021,0.0442,0.0013,0.0574,0.0349,0.003699298976,,,,0
1951-09-30,-0.0094,0.0082,0.0012,-0.0085,-0.0185,-0.005618781788,,,,0.007722007722
1951-10-31,0.0103,-0.0237,0.0016,0.0121,0.0372,-0.005541306138,,,,0.003831417625
1951-11-30,0.0092,0.0069,0.0011,-0.0084,0.0513,-0.003933596277,,,,0.007633587786
1951-12-31,0.0514,0.0345,0.0012,0.048,-0.0188,-0.003877600866,,,,0.003787878788
1952-01-31,0.0392,0.016,0.0015,0.0662,0.0245,0.006891772994,,,,0
1952-02-29,-0.0399,-0.0252,0.0012,-0.0349,-0.0062,0.003795899069,,,,-0.007547169811
1952-03-31,0.0735,0.0455,0.0011,0.0884,0.0738,0.01152672163,,,,0
1952-04-30,-0.0765,-0.0485,0.0012,-0.0765,-0.0395,0.01309330645,,,,0.003802281369
1952-05-31,0.0378,0.0333,0.0013,0.035,0.037,-0.00406002543,,,,0
1952-06-30,0.0479,0.0399,0.0015,0.055,0.042,0.002175,,,,0.003787878788
1952-07-31,-0.0043,0.0106,0.0015,-0.0104,0.0196,-0.01166309162,,,,0.007547169811
1952-08-31,0.004,-0.0062,0.0015,-0.027,0.1154,0.0007138534466,,,,0
1952-09-30,-0.009,-0.0188,0.0016,-0.0437,0.039,-0.002337367316,,,,0
1952-10-31,-0.0091,-0.0052,0.0014,0.0041,-0.0265,0.006891772994,,,,0
1952-11-30,0.0662,0.0606,0.001,0.0198,0.0495,-0.003863620659,,,,0
1952-12-31,0.051,0.0309,0.0016,0.0464,0.0784,-0.005325621988,,,,0
1953-01-31,-0.0035,-0.0018,0.0016,-0.0306,0.0348,-0.00222445095,,,,-0.003745318352
1953-02-28,-0.0063,-0.0013,0.0014,0.0035,0.0024,-0.006707176565,,,,-0.003759398496
1953-03-31,-0.0385,-0.0126,0.0018,-0.0047,0.0264,-0.009590834119,,,,0.003773584906
1953-04-30,-0.0183,-0.0267,0.0016,-0.0516,-0.0142,-0.0164807088,,,,0
1953-05-31,0.015,0.0068,0.0017,0.0185,0.0299,-0.00258110746,,,,0.003759398496
1953-06-30,-0.0237,-0.0171,0.0018,-0.0003,-0.0306,0.01809688568,,,,0.003745318352
1953-07-31,0.0218,0.0255,0.0015,0.0398,0.0197,0.000720564186,,,,0
1953-08-31,-0.0579,-0.0439,0.0017,-0.0643,-0.0241,0.009369995048,,,,0.003731343284
1953-09-30,0.013,0.0037,0.0016,-0.019,-0.0519,0.02072449629,,,,0
1953-10-31,0.0389,0.0473,0.0013,0.0569,0.1124,0.0004724152784,,,,0.003717472119
1953-11-30,0.0464,0.0292,0.0008,0.0198,-0.0215,0.01011763253,,,,-0.003703703704
1953-12-31,0.0109,0.0015,0.0013,0.005,0.0169,0.01184760771,,,,0
1954-01-31,0.0486,0.0524,0.0011,0.0863,0.0562,0.002947948919,,,,0
1954-02-28,0.0347,0.0174,0.0007,0.0292,0.0191,0.01091524051,,,,0
1954-03-31,0.0724,0.0374,0.0008,0.0431,-0.0063,0.009088921011,,,,0
1954-04-30,0.0813,0.0436,0.0009,0.0622,-0.0065,-0.005177192409,,,,-0.003717472119
1954-05-31,0.0096,0.0315,0.0005,0.0295,-0.0084,0.00108975154,,,,0.003731343284
1954-06-30,0.0486,0.0114,0.0006,-0.0595,0.0429,0.00909369609,,,,0
1954-07-31,0.0284,0.0505,0.0005,0.0421,0.132,-0.003400133074,,,,0
1954-08-31,-0.0421,-0.023,0.0005,0.0053,-0.0299,0.0001961697467,,,,0
1954-09-30,0.0714,0.0649,0.0009,0.1004,0.063,-0.002431876069,,,,-0.003717472119
1954-10-31,-0.0034,-0.016,0.0007,-0.0196,0.0297,-0.002379215626,,,,0
1954-11-30,0.1075,0.0947,0.0006,0.0799,0.0198,-0.0005719161761,,,,0
1954-12-31,0.0669,0.0557,0.0008,0.0644,0.12,-0.006659960783,,,,-0.003731343284
1955-01-31,0.0419,0.0068,0.0008,0.0044,0.0701,-0.001318701774,,,,0
1955-02-28,0.0371,0.0311,0.0009,0.0238,-0.0866,-0.0004080437491,,,,0
1955-03-31,0.0177,-0.0005,0.001,-0.0024,0.0124,-0.003850392288,,,,0
1955-04-30,0.0282,0.0321,0.001,0.0058,-0.0255,0.001422993505,,,,0
1955-05-31,0.0197,0.0108,0.0014,-0.0069,-0.0319,0.0005643738442,,,,0
1955-06-30,0.0821,0.0665,0.001,0.1122,0.042,-0.008035469711,,,,0
1955-07-31,-0.0037,0.0199,0.001,0.0282,0.0028,-0.003601251693,,,,0.003745318352
1955-08-31,0.0386,0.0038,0.0016,-0.0115,-0.0352,0.002475,,,,0
1955-09-30,0.0545,-0.0021,0.0016,-0.0035,0.0013,0.01024677767,,,,0.003731343284
1955-10-31,-0.0525,-0.0249,0.0018,-0.01,-0.074,0.001536895709,,,,0
1955-11-30,0.0901,0.0721,0.0017,0.086,0.0693,-0.00361255414,,,,0
1955-12-31,-0.0101,0.0167,0.0018,0.0365,0.0288,0.007642734855,,,,-0.003717472119
1956-01-31,-0.0594,-0.0281,0.0022,0.0049,-0.0074,0.007608107338,,,,0
1956-02-29,0.0513,0.0397,0.0019,0.042,0.0631,-0.007954854716,,,,0
1956-03-31,0.0663,0.0679,0.0015,0.1146,0.2476,-0.01625234112,,,,0
1956-04-30,0.0192,0.0047,0.0019,0.0373,-0.0806,0.01206025186,,,,0.003731343284
1956-05-31,-0.0556,-0.0499,0.0023,-0.0644,-0.069,0.008567356908,,,,0.003717472119
1956-06-30,0.0335,0.0367,0.002,0.0265,0.013,-0.006891752565,,,,0.007407407407
1956-07-31,0.0815,0.0506,0.0022,0.0609,0.0719,-0.01599019699,,,,0.007352941176
1956-08-31,-0.0463,-0.0302,0.0017,-0.0529,-0.054,-0.001437833884,,,,-0.003649635036
1956-09-30,-0.069,-0.0496,0.0018,-0.0586,-0.0087,0.006193534302,,,,0.003663003663
1956-10-31,0.0118,0.0077,0.0025,0.0042,0.0164,-0.009787457342,,,,0.003649635036
1956-11-30,0.0307,0.0055,0.002,0.0529,0.005,-0.005431457616,,,,0
1956-12-31,0.0731,0.034,0.0024,0.0419,0.0447,0.01390231148,,,,0.003636363636
1957-01-31,-0.0566,-0.033,0.0027,-0.0411,0.0658,0.01301393624,,,,0
1957-02-28,-0.0085,-0.0183,0.0024,-0.022,-0.0319,-0.00310599216,,,,0.003623188406
1957-03-31,0.0398,0.0236,0.0023,0.0319,-0.0078,-0.003027564845,,,,0.003610108303
1957-04-30,0.0707,0.0451,0.0025,0.0706,0.041,-0.00710287959,,,,0.003597122302
1957-05-31,0.056,0.0372,0.0026,0.0767,0.0517,-0.01351033328,,,,0.003584229391
1957-06-30,0.0239,-0.0051,0.0024,-0.0174,-0.0399,-0.00749775116,,,,0.003571428571
1957-07-31,-0.0116,0.0096,0.003,0.0103,0.0028,0.003275,,,,0.007117437722
1957-08-31,-0.0692,-0.0487,0.0025,-0.0574,-0.0342,0.004095736388,,,,0
1957-09-30,-0.0591,-0.0573,0.0026,-0.0796,-0.0498,-0.0008271151952,,,,0
1957-10-31,-0.0307,-0.0403,0.0029,-0.0578,-0.1109,0.02402647876,,,,0
1957-11-30,0.0665,0.0259,0.0028,0.0248,0.0051,0.04643021007,,,,0.003533568905
1957-12-31,-0.0252,-0.0366,0.0024,-0.0697,-0.0575,0.01293063167,,,,0
1958-01-31,0.0223,0.0493,0.0028,0.0149,0.0494,0.006000280388,,,,0.007042253521
1958-02-28,0.0023,-0.0141,0.0012,-0.0466,-0.0085,0.008556618007,,,,0
1958-03-31,0.0492,0.0336,0.0009,0.0802,0.0985,0.01111864185,,,,0.006993006993
1958-04-30,0.0352,0.0317,0.0008,0.0515,0.0802,-0.001047305657,,,,0.003472222222
1958-05-31,0.0136,0.0243,0.0011,0.0025,0.1803,-0.001865179781,,,,0
1958-06-30,0.0338,0.0296,0.0003,0.0497,0.0058,-0.01707566726,,,,0
1958-07-31,0.0167,0.0446,0.0007,0.005,0.0939,-0.02575775284,,,,0.003460207612
1958-08-31,0.024,0.0194,0.0004,0.0191,0.0394,-0.01524661801,,,,-0.003448275862
1958-09-30,0.0563,0.0485,0.0019,0.0335,0.0039,-0.0001687333217,,,,0
1958-10-31,0.0613,0.0271,0.0018,0.0131,0.0208,0.008134197753,,,,0
1958-11-30,0.0659,0.0312,0.0011,0.0198,0.0389,-0.006760791657,,,,0.003460207612
1958-12-31,0.0526,0.0538,0.0022,0.0121,-0.0517,-0.00985186512,,,,-0.003448275862
1959-01-31,0.0047,0.0092,0.0021,0.0049,-0.0041,0.008264910945,,,,0.003460207612
1959-02-28,0.041,0.0114,0.0019,-0.0754,0.0296,0.0008461011176,,,,-0.003448275862
1959-03-31,0.0391,0.005,0.0022,0.0217,0.0644,-0.007242147371,,,,0
1959-04-30,0.0832,0.0386,0.002,0.0176,-0.0467,-0.01187065865,,,,0.003460207612
1959-05-31,0.0015,0.0195,0.0022,-0.0095,-0.0185,0.001178718069,,,,0
1959-06-30,0.0583,0,0.0024,-0.0281,-0.0046,-0.001195388974,,,,0.003448275862
1959-07-31,-0.0032,0.0343,0.0025,0.0486,0.1067,0.001264088471,,,,0.003436426117
1959-08-31,-0.0254,-0.0119,0.0019,-0.0321,-0.0084,-0.01609256497,,,,0
1959-09-30,-0.0521,-0.045,0.0031,-0.0692,-0.0455,0.01585565502,,,,0.003424657534
1959-10-31,0.0869,0.0158,0.003,0.0108,0.0384,0.003775,,,,0.003412969283
1959-11-30,0.0643,0.0186,0.0026,-0.0043,-0.0012,-0.008880888894,,,,0
1959-12-31,0.0108,0.028,0.0034,0.0427,0.0332,0.001538735387,,,,0
1960-01-31,-0.0783,-0.0665,0.0033,-0.0749,-0.0639,0.02230036962,0,0,0.0033,-0.003401360544
1960-02-29,0.065,0.0145,0.0029,-0.0348,-0.0059,0.02312873748,0,0,0.0029,0.003412969283
1960-03-31,-0.013,-0.0128,0.0035,-0.0072,-0.0086,0.001121768469,0,0,0.01665789474,0
1960-04-30,0.0135,-0.0152,0.0019,-0.0429,-0.0701,-0.002060850653,0,0,-0.01108701299,0.003401360544
1960-05-31,0.0857,0.0339,0.0027,-0.0362,0.0655,0.01985870152,0,0,0.0027,0
1960-06-30,0.0348,0.0232,0.0024,0.0362,-0.0576,0.02399659149,0,0,0.0024,0.003389830508
1960-07-31,-0.0355,-0.0224,0.0013,0.0067,-0.0438,0.01150516664,0,0,0.0013,0
1960-08-31,0.0288,0.0317,0.0017,0.0411,0.0403,0.003166666667,0,0,0.0017,0
1960-09-30,-0.0775,-0.0584,0.0016,-0.0092,-0.0414,-0.00423068273,0,0,-0.02471578947,0
1960-10-31,-0.011,-0.0049,0.0022,0.025,-0.0409,-3.969266449e-05,0,0,-0.01131351351,0.006756756757
1960-11-30,0.0938,0.0482,0.0013,0.0333,0.0874,0.01069026913,0,0,0.01499863014,0
1960-12-31,0.0805,0.0489,0.0016,0.0538,0.037,0.0032,0,0,0.0016,0
1961-01-31,0.0455,0.0639,0.0019,0.0973,0.0543,0.008157903638,0,0,0.01541351351,0
1961-02-28,0.0491,0.0371,0.0014,0.0057,0.1264,0.006461687391,0,0,0.01473333333,0
1961-03-31,0.0449,0.0309,0.002,0.0144,0.1065,-0.000188602425,0,0,0.002,0
1961-04-30,0.0055,0.0046,0.0017,0.0483,0.0803,0.008953897562,0,0,0.0017,0
1961-05-31,0.0136,0.0258,0.0018,-0.0001,0.0561,-0.01088786466,0,0,0.0018,0
1961-06-30,-0.021,-0.0288,0.002,-0.0402,-0.0381,-4.96122169e-05,0,0,-0.01115789474,0
1961-07-31,0.0182,0.0301,0.0018,0.0226,-0.0251,-0.006525284161,0,0,0.0018,0.006711409396
1961-08-31,0.0655,0.0271,0.0014,0.0013,-0.0585,0.008276833841,0,0,-0.01193333333,-0.003333333333
1961-09-30,-0.0248,-0.0198,0.0017,-0.066,-0.0614,0.008241084992,0,0,0.0017,0.003344481605
1961-10-31,0.0364,0.0277,0.0019,0.0672,0.1625,0.001626779558,0,0,0.01541351351,0
1961-11-30,0.0811,0.046,0.0015,0.0542,0.0572,-0.006499182613,0,0.1111111111,0.0015,0
1961-12-31,-0.0425,0.0002,0.0019,0.0394,-0.0062,0.001754484304,0,0,-0.01143333333,0
1962-01-31,-0.0632,-0.0363,0.0024,0.0002,-0.008,0.006663983609,0,0,0.0024,0
1962-02-28,0.0184,0.0201,0.002,0.0543,-0.0252,0.01159238334,0,0,0.002,0.003333333333
1962-03-31,-0.0227,-0.0048,0.002,-0.0161,0.0505,0.01485703471,0,0,0.002,0
1962-04-30,-0.043,-0.0637,0.0022,-0.0342,-0.1382,0.003216666667,0,0,0.0022,0.003322259136
1962-05-31,-0.1088,-0.0842,0.0024,-0.0486,-0.1058,-6.945463851e-05,0,0,0.0024,0
1962-06-30,-0.0563,-0.083,0.002,-0.048,-0.1356,-0.004925716672,0,0,0.002,0
1962-07-31,0.0624,0.0654,0.0027,0.0479,0.0702,6.934972427e-05,0,0.1,0.0027,0.003311258278
1962-08-31,0.0266,0.0236,0.0023,0.0185,-0.008,0.00991988126,0,0.09090909091,0.0023,0
1962-09-30,-0.02,-0.0501,0.0021,-0.0173,0.0234,0.004939887108,0,0,-0.01141351351,0.003300330033
1962-10-31,-0.0025,0.0021,0.0026,-0.0026,-0.0991,0.004924806108,0,0,0.01629863014,0
1962-11-30,0.0831,0.1109,0.002,0.1075,0.296,0.003266666667,0,0,0.002,0
1962-12-31,0.0466,0.0124,0.0023,0.0477,-0.1301,0.009031306813,0,0,0.01581351351,0
1963-01-31,0.0317,0.0519,0.0025,0.0258,0.0982,0.001562886712,0,0.08333333333,0.01583333333,0
1963-02-28,-0.0159,-0.0217,0.0023,-0.0134,-0.0549,-0.002514604879,0,0,0.0023,0
1963-03-31,0.0539,0.0331,0.0023,0.07,0.0035,0.002463785782,0,0,0.0023,0.003289473684
1963-04-30,0.0505,0.0476,0.0025,0.0608,-0.0343,0.003291666667,0,0,0.02881578947,0
1963-05-31,0.0312,0.02,0.0024,-0.0018,0.0417,0.002472514843,0,0,0.0024,0
1963-06-30,-0.0214,-0.0177,0.0023,0.0127,0.0478,2.971333108e-05,0,0,-0.01052051282,0.003278688525
1963-07-31,0.0041,-0.0012,0.0027,0.0234,-0.0505,0.003333333333,0,0,-0.01028701299,0.003267973856
1963-08-31,0.0922,0.0533,0.0025,0.0385,0.0349,0.00169976686,0,0,0.0025,0
1963-09-30,-0.0207,-0.013,0.0027,-0.0362,-0.0382,-0.00072408476,0,0,0.04217368421,0
1963-10-31,0.0549,0.0283,0.0029,-0.0052,0.0487,-0.003101813942,0,0,0.0029,0.00325732899
1963-11-30,-0.0018,-0.0059,0.0027,-0.0118,-0.0494,0.009159304936,0,0,0.0027,0
1963-12-31,0.0077,0.0212,0.0029,0.0465,0.0099,-0.001472453656,0,0,0.0029,0.003246753247
1964-01-31,0.0191,0.0254,0.003,0.0486,-0.0441,0.002638314924,0,0,-0.009658227848,0
1964-02-29,0.0355,0.0181,0.0026,0.0109,-0.013,0.001026788027,0,0,0.01542051282,0
1964-03-31,0.036,0.0172,0.0031,0.0145,0.0014,-0.000559519421,0,0,0.0031,0
1964-04-30,-0.0051,0.0039,0.0029,0.0424,-0.0392,0.004333958922,0,0,0.0029,0
1964-05-31,0.0395,0.0167,0.0026,0.0217,-0.0126,0.005947043622,0,0,-0.01005822785,0
1964-06-30,0.0089,0.0157,0.003,0.0072,-0.0244,0.006738406971,0,0,0.003,0.003236245955
1964-07-31,0.0073,0.0204,0.003,0.0337,0.0646,0.0002178307263,0,0,0.003,0.003225806452
1964-08-31,-0.0088,-0.0116,0.0028,-0.0189,-0.032,0.001872971543,0,0,0.02844102564,-0.003215434084
1964-09-30,0.0639,0.0297,0.0028,0.0303,0.0112,0.005939878639,0,0,0.0153,0.003225806452
1964-10-31,0.0004,0.0089,0.0029,0.0312,0.007,0.005105922961,0,0,0.0029,0
1964-11-30,0.0001,0.0028,0.0029,0.0259,-0.0254,0.0002277207795,0,0,0.0029,0.003215434084
1964-12-31,-0.0079,0.0035,0.0031,-0.0024,-0.0006,0.002690652438,0,0,-0.02159135802,0
1965-01-31,0.0452,0.0382,0.0028,0.0028,0.0624,0.005128584637,0,0,0.0281164557,0
1965-02-28,0.0281,0.0074,0.003,-0.0345,0.0349,0.001064789902,0,0,0.003,0
1965-03-31,0.0028,-0.0098,0.0036,-0.031,-0.0178,0.00513613961,0,0,0.0036,0.003205128205
1965-04-30,0.0507,0.0342,0.0031,0.0091,0.0124,0.002690652438,0,0,0.01544567901,0.003194888179
1965-05-31,-0.0062,-0.0047,0.0031,0.0093,-0.0255,0.001891192232,0,0,-0.0212902439,0
1965-06-30,-0.094,-0.0516,0.0035,-0.0196,-0.0781,0.005954209415,0,0,-0.009,0.006369426752
1965-07-31,0.0746,0.0175,0.0031,0.0186,0.0171,0.001882082157,0,0,0.0031,0
1965-08-31,0.0766,0.0306,0.0033,0.0151,0.0298,-0.0005184321285,0,0,0.01595822785,0
1965-09-30,0.0533,0.0317,0.0031,0.0445,0.0622,-0.002873115032,0,0,0.0031,0
1965-10-31,0.0786,0.0291,0.0031,0.0158,0.0259,-0.001184754299,0,0,0.0156,0.003164556962
1965-11-30,0.085,0.0032,0.0035,0.0073,0.0431,-0.001917637649,0,0,0.0035,0
1965-12-31,0.0405,0.0134,0.0033,0.0017,0.0403,-0.009739157346,0,0,0.02799135802,0.003154574132
1966-01-31,0.09,0.011,0.0038,0.0102,0.0484,0.0007110277766,0,0,0.01584819277,0
1966-02-28,0.0827,-0.0086,0.0035,-0.0356,0.0547,-0.02178950363,0,0,0.0035,0.006289308176
1966-03-31,0.0112,-0.0213,0.0038,-0.0229,-0.0123,0.02868081718,0,0,0.0157047619,0.003125
1966-04-30,0.0508,0.0247,0.0034,0.032,0.0238,-0.00237296149,0,0,-0.02012941176,0.006230529595
1966-05-31,-0.1098,-0.0526,0.0041,-0.0379,-0.1007,0.00320479485,0,0,0.01614819277,0
1966-06-30,0.0361,-0.0106,0.0038,-0.0214,0.0067,-0.009269582621,0,0,0.0038,0.003095975232
1966-07-31,-0.0216,-0.0128,0.0035,0.0035,-0.0562,-0.002079297743,0,0,-0.02030952381,0.003086419753
1966-08-31,-0.0918,-0.0753,0.0041,-0.0661,-0.1001,-0.0195490477,0,0,-0.008095121951,0.006153846154
1966-09-30,-0.0487,-0.0066,0.004,0.0396,-0.0025,0.03094322596,0,0,0.004,0
1966-10-31,-0.0576,0.0431,0.0045,0.0858,-0.0004,0.008086151751,0,0,0.0045,0.006116207951
1966-11-30,0.121,0.0178,0.004,-0.0126,0.0544,-0.007484211275,0,0,-0.008345679012,0
1966-12-31,0.0138,0.0053,0.004,-0.0075,-0.023,0.04232474829,0,0,0.004,0
1967-01-31,0.0852,0.0858,0.0043,0.0352,0.1336,0.01343575533,0,0,0.0043,0
1967-02-28,0.0529,0.0113,0.0036,-0.0015,0.0456,-0.01203065298,0,0,-0.0089,0
1967-03-31,0.0639,0.0438,0.0039,0.0351,0.0537,0.02149341694,0,0,0.0039,0.003039513678
1967-04-30,0.0631,0.0421,0.0032,0.0163,0.035,-0.01830332675,0,0,0.0032,0.00303030303
1967-05-31,-0.0336,-0.0399,0.0033,-0.0248,0.1291,0.001623837218,0,0,0.01595822785,0.003021148036
1967-06-30,0.0846,0.0269,0.0027,0.0221,0.0129,-0.02761987663,0,0.2307692308,-0.0098,0.003012048193
1967-07-31,0.0725,0.049,0.0032,0.0698,0.0792,0.008991600167,0,0.0625,0.0032,0.003003003003
1967-08-31,-0.0174,-0.0059,0.0031,-0.0152,0,-0.004165706587,0,0,0.01575822785,0.002994011976
1967-09-30,0.0448,0.0342,0.0032,0.0423,0.0315,0.001319002312,0,0.05882352941,0.0032,0.002985074627
1967-10-31,0.0071,-0.0269,0.0039,-0.0099,0.029,-0.02053638603,0,0.1111111111,0.0289,0.002976190476
1967-11-30,0.0112,0.0073,0.0036,0.0084,-0.0261,-0.002828937598,0,0.05,-0.0207902439,0.00296735905
1967-12-31,0.0901,0.0338,0.0033,0.0302,0.1711,0.007800515913,0.02857142857,-0.04761904762,0.0033,0.002958579882
1968-01-31,-0.0694,-0.0363,0.004,-0.0095,0.062,0.01690906402,0,-0.05,0.029,0.005899705015
1968-02-29,-0.0895,-0.0335,0.0039,-0.0262,-0.0798,0.003098201867,0.02777777778,0.1578947368,0.0039,0.00293255132
1968-03-31,0.0256,0.0059,0.0038,0.0069,0.0395,-0.01041055158,0.02702702703,0,-0.03278536585,0.002923976608
1968-04-30,0.1922,0.0945,0.0043,0.0562,0.1969,0.00630578752,0.07894736842,0.09090909091,-0.008358227848,0.002915451895
1968-05-31,0.1024,0.0273,0.0045,0.0113,0.0709,-0.004201197408,0,0.04166666667,0.0045,0.002906976744
1968-06-30,0.0073,0.0113,0.0043,0.0188,0.0832,0.02152425735,-0.0487804878,-0.08,-0.008520512821,0.005797101449
1968-07-31,-0.0445,-0.0221,0.0048,0.0535,0.0136,0.02383226754,0,-0.04347826087,-0.008187012987,0.005763688761
1968-08-31,0.0491,0.0177,0.0042,0.013,0.0902,0.002199017237,0.02564102564,0,0.01735789474,0.002865329513
1968-09-30,0.0983,0.0448,0.0043,0.0349,0.1349,-0.0008153627575,-0.025,-0.09090909091,0.0043,0.002857142857
1968-10-31,-0.0157,0.0087,0.0044,0.0265,0.0207,-0.004514566426,0.02564102564,0,0.0044,0.005698005698
1968-11-30,0.1004,0.0585,0.0042,0.0563,0.1334,-0.008100426584,0.025,0,0.01718701299,0.00283286119
1968-12-31,-0.0287,-0.035,0.0043,-0.0256,0.012,-0.02324258821,0.0243902439,0,0.01712051282,0.002824858757
1969-01-31,-0.0187,-0.0072,0.0053,-0.0117,0.0157,0.002921187441,0.02380952381,-0.1,0.0053,0.002816901408
1969-02-28,-0.1046,-0.054,0.0046,-0.0493,-0.128,1.325495455e-05,0,0,0.01725822785,0.005617977528
1969-03-31,0.0569,0.0312,0.0046,0.0747,0.0915,0.002282020689,0,0,0.0171,0.008379888268
1969-04-30,0.0336,0.0199,0.0053,-0.0028,0.1343,0.01262042597,0,0,0.0053,0.005540166205
1969-05-31,0.0299,0.0039,0.0048,0.0403,0.015,-0.02093248966,-0.04651162791,-0.1111111111,0.01714567901,0.002754820937
1969-06-30,-0.1147,-0.0668,0.0051,-0.0993,-0.1385,-0.006762785125,0.0243902439,0,0.0051,0.005494505495
1969-07-31,-0.069,-0.0647,0.0053,-0.0973,-0.1312,0.01066006848,-0.02380952381,0.0625,0.0053,0.005464480874
1969-08-31,0.1045,0.0519,0.005,0.0664,0.1506,-0.006623986178,0,0.05882352941,0.005,0.005434782609
1969-09-30,-0.0266,-0.0235,0.0062,-0.0971,-0.0379,-0.04153428873,-0.0243902439,0.05555555556,0.01839512195,0.002702702703
1969-10-31,0.0665,0.0566,0.006,-0.0113,0.0454,0.04687385617,-0.075,0,0.01804819277,0.00539083558
1969-11-30,-0.0053,-0.0328,0.0052,-0.0461,-0.0624,-0.01876518853,-0.05405405405,-0.05263157895,0.0171047619,0.005361930295
1969-12-31,0.0137,-0.0199,0.0064,-0.0307,-0.0432,-0.03423031206,0,0.05555555556,0.02992941176,0.005333333333
1970-01-31,-0.0705,-0.075,0.006,-0.1158,-0.1136,0.01549896718,0,0,0.01749425287,0.002652519894
1970-02-28,0.0318,0.0576,0.0062,0.0524,0.0151,0.06713523701,0,0,0.0062,0.005291005291
1970-03-31,-0.0296,-0.0049,0.0057,-0.004,-0.0101,-0.006994990608,0.02857142857,0,0.01706363636,0.005263157895
1970-04-30,-0.1146,-0.1049,0.005,-0.0909,-0.1865,-0.04478733303,0,-0.1052631579,-0.006235955056,0.007853403141
1970-05-31,-0.062,-0.0637,0.0053,0.0264,-0.1517,-0.002336633198,-0.02777777778,-0.05882352941,0.0053,0.002597402597
1970-06-30,-0.0093,-0.0522,0.0058,-0.0241,-0.0326,0.02523464289,0,0.0625,-0.005563636364,0.00518134715
1970-07-31,0.0443,0.0744,0.0052,0.1284,0.0967,0.02735670263,0,0.05882352941,-0.006294252874,0.005154639175
1970-08-31,0.0201,0.0503,0.0053,0.0669,0.0414,-0.001496334118,0.02857142857,0,0.0053,0
1970-09-30,0.0414,0.0472,0.0054,0.0299,0.1486,0.02026939345,0.05555555556,-0.05555555556,0.0054,0.005128205128
1970-10-31,-0.0128,-0.0181,0.0046,0.0292,-0.0939,0.003274493384,-0.02631578947,0.05882352941,0.0046,0.005102040816
1970-11-30,0.0566,0.0508,0.0046,0.0491,0.0737,0.06720152322,0,-0.1111111111,0.0046,0.005076142132
1970-12-31,0.0345,0.0616,0.0042,0.022,0.0986,0.004681366026,0.02702702703,0,0.03908372093,0.005050505051
1971-01-31,0.0207,0.0521,0.0038,0.0026,0.0829,0.03578898643,0.02631578947,0,0.0038,0
1971-02-28,0.04,0.0174,0.0033,0.0485,0.0703,0.001379588766,0,0.0625,0.0033,0.002512562814
1971-03-31,0.0521,0.0442,0.003,0.0266,0.0634,0.05149474793,0,0,0.01423595506,0.002506265664
1971-04-30,0.0491,0.0343,0.0028,0.0434,0.0383,-0.036153827,0.05128205128,0,-0.008311111111,0.0025
1971-05-31,-0.0298,-0.037,0.0029,-0.0472,-0.0557,-0.01686252302,-0.0243902439,-0.05882352941,0.0029,0.004987531172
1971-06-30,0.0271,0.0028,0.0037,0.0098,0.031,-0.01773493639,0.025,0,0.01493595506,0.007444168734
1971-07-31,-0.0621,-0.0409,0.004,-0.0201,-0.1013,-0.005148670416,0.0487804878,0,0.01511111111,0.002463054187
1971-08-31,0.086,0.0426,0.0047,-0.0131,0.0788,0.04756547908,-0.02325581395,-0.125,-0.006289010989,0.002457002457
1971-09-30,0.0062,-0.0049,0.0037,-0.0156,0.0635,0.02606179814,0.02380952381,-0.07142857143,0.0037,0
1971-10-31,-0.0411,-0.0405,0.0037,-0.0428,-0.062,0.01472873017,0,0,-0.007411111111,0.002450980392
1971-11-30,0.0097,-0.0009,0.0037,0.001,-0.0252,0.0004139471893,0,0.07692307692,0.01493595506,0
1971-12-31,0.108,0.0908,0.0037,0.0875,0.0386,0.007932348638,0.06976744186,0.07142857143,0.02592222222,0.00488997555
1972-01-31,0.0611,0.0276,0.0029,0.0004,8.524e-06,-0.009907432405,0.04347826087,0,0.01376956522,0
1972-02-29,0.0568,0.0312,0.0025,0.0269,0.017370093,0.00878750054,0,0,0.01325268817,0.004866180049
1972-03-31,0.0131,0.0089,0.0027,-0.0538,-0.003160636,-0.0008847784318,0.02083333333,0.06666666667,0.0027,0.002421307506
1972-04-30,0.0126,0.0058,0.0029,-0.0077,0.03840451,0.003621835506,0.1224489796,0,-0.007738297872,0.002415458937
1972-05-31,0.0565,0.0159,0.003,0.0381,-0.093697516,0.01179608219,0.1272727273,0,-0.007752688172,0.002409638554
1972-06-30,0.0056,-0.0214,0.0029,-0.0075,0.09975431,-0.002345750638,0.06451612903,0.0625,0.0029,0.002403846154
1972-07-31,0.0001,-0.0049,0.0031,-0.0092,0.057970288,0.007344291912,0.01515151515,0.05882352941,0.01396956522,0.00479616307
1972-08-31,-0.0154,0.0356,0.0029,0.1249,-0.01340886,-0.01678902492,-0.02985074627,0,0.01365268817,0.002386634845
1972-09-30,0.0052,-0.008,0.0034,-0.0009,0.038552765,-0.003357671039,0,0,0.0034,0.002380952381
1972-10-31,0.0171,0.0092,0.004,0.0317,-0.023150413,0.01493959092,-0.03076923077,0,0.02527659574,0.004750593824
1972-11-30,0.0158,0.0497,0.0037,0.0613,-0.013087238,0.01488803324,0.01587301587,0.1111111111,0.07661666667,0.002364066194
1972-12-31,0.0535,0.0099,0.0037,0.0111,-0.015363224,-0.004256257586,0.015625,0,0.09107864078,0.002358490566
1973-01-31,-0.0288,-0.0283,0.0044,0.0501,0.015060728,-0.004091643625,0.1384615385,0.1,0.0669,0.002352941176
1973-02-28,-0.0512,-0.0443,0.0042,-0.0744,-0.055200091,-0.001773347001,0.1351351351,0.04545454545,0.03781344538,0.007042253521
1973-03-31,0.0179,-0.0084,0.0046,0.031,0.023795426,-0.0009410823213,0.08333333333,-0.04347826087,0.0289902439,0.009324009324
1973-04-30,-0.0308,-0.0516,0.0052,-0.0095,-0.046977571,0.00776942112,0.1208791209,0.09090909091,0.06869206349,0.006928406467
1973-05-31,-0.0023,-0.0246,0.0051,-0.0356,-0.028258393,-0.01081281309,0.1764705882,0.08333333333,0.1021149254,0.006880733945
1973-06-30,0.0073,-0.0106,0.0051,0.0168,0.021235211,0.005062446968,0,0.03846153846,0.09353537415,0.006833712984
1973-07-31,0.0243,0.0568,0.0064,0.0034,0.035152374,-0.02836927781,-0.1083333333,-0.03703703704,0.0064,0.002262443439
1973-08-31,-0.0287,-0.0312,0.007,-0.0376,-0.046712334,0.01883935555,-0.03738317757,0.03846153846,-0.06175,0.01805869074
1973-09-30,0.0528,0.0542,0.0068,0.0908,0.064834372,0.03102627406,-0.02912621359,0.07407407407,0.08062550336,0.0022172949
1973-10-31,0.0406,-0.0018,0.0065,0.0513,0.009122469,0.01943065898,-0.05,0,0.044,0.008849557522
1973-11-30,-0.0927,-0.1222,0.0056,-0.0618,-0.140031309,0.007033048124,0.1263157895,0.06896551724,0.05379277108,0.006578947368
1973-12-31,0.0744,0.0123,0.0064,0.0864,-0.002307608,-0.009415764437,0.2056074766,0.1612903226,0.4661701149,0.006535947712
1974-01-31,-0.0609,0.0047,0.0063,-0.0758,0.045846732,-0.001356201651,0.1627906977,0.5,0.04567007874,0.008658008658
1974-02-28,0.0179,0.0012,0.0058,-0.0163,0.042949942,0.00512303456,0.12,-0.01851851852,0.0058,0.01287553648
1974-03-31,-0.0464,-0.0226,0.0056,-0.0332,-0.021770424,-0.02206302599,0.02380952381,-0.05660377358,-0.06258181818,0.01271186441
1974-04-30,-0.0412,-0.0453,0.0075,-0.0639,-0.054928977,-0.01107152506,-0.0523255814,0.08,-0.0006300813008,0.004184100418
1974-05-31,-0.0917,-0.0395,0.0075,-0.075,-0.070191745,0.01610197491,-0.05521472393,-0.09259259259,-0.008893442623,0.0125
1974-06-30,-0.013,-0.0224,0.006,-0.0019,0.015615939,-0.002019054776,-0.07142857143,-0.1020408163,-0.0065,0.008230452675
1974-07-31,-0.0363,-0.0736,0.007,-0.0044,-0.076486819,-0.01070427678,0.08391608392,0,0.04075527426,0.008163265306
1974-08-31,-0.0887,-0.0879,0.006,-0.0871,-0.075408073,-0.008301815649,-0.01935483871,-0.09090909091,-0.006244897959,0.01214574899
1974-09-30,-0.0913,-0.1098,0.0081,-0.0801,-0.004786588,0.01834085855,0.04605263158,0.2,0.04942231405,0.012
1974-10-31,0.2034,0.1662,0.0051,0.2051,0.04292585,0.01690483985,0.1446540881,-0.02083333333,0.01303650794,0.009881422925
1974-11-30,-0.037,-0.0399,0.0054,-0.044,-0.053515991,0.01684881847,0.01098901099,-0.06382978723,-0.03003307087,0.00782778865
1974-12-31,-0.0337,-0.0274,0.007,0.0086,-0.016056775,0.02311699277,-0.04347826087,-0.04545454545,-0.02157142857,0.007766990291
1975-01-31,0.1143,0.1425,0.0058,0.0655,0.140847253,-0.002853750319,0.02272727273,0.04761904762,-0.03201512605,0.003853564547
1975-02-28,0.0397,0.0599,0.0043,0.0236,0.02429747,0.01114739019,-0.01111111111,-0.02272727273,-0.01316724891,0.007677543186
1975-03-31,0.071,0.0307,0.0041,-0.0265,0.028194373,-0.0311401893,-0.04494382022,-0.02325581395,-0.0003444444444,0.00380952381
1975-04-30,0.0764,0.0466,0.0044,0.0698,0.02749729,-0.01343353124,-0.01764705882,0.07142857143,-0.03131428571,0.003795066414
1975-05-31,0.0493,0.0564,0.0044,0.1184,-0.01369344,0.02523949119,-0.01796407186,0,-0.01411851852,0.005671077505
1975-06-30,0.0563,0.0528,0.0041,0.0672,0.062466978,0.01214577055,0.006097560976,0.04444444444,0.02296792453,0.007518796992
1975-07-31,-0.0405,-0.0612,0.0048,-0.0427,-0.015271946,-0.009531595542,-0.01212121212,0.04255319149,0.04183703704,0.01119402985
1975-08-31,-0.0254,-0.0236,0.0048,-0.0081,-0.015258182,0.00548744282,-0.1165644172,-0.08163265306,-0.01305714286,0.00184501845
1975-09-30,-0.0179,-0.0373,0.0053,-0.0122,-0.063065579,-0.01044782433,-0.006944444444,-0.04444444444,-0.008336363636,0.005524861878
1975-10-31,0.0318,0.0588,0.0056,-0.0105,-0.024538803,0.04595389345,-0.006993006993,0,-0.02204976959,0.005494505495
1975-11-30,0.0158,0.0306,0.0041,-0.0177,0.016908939,-0.008940779188,-0.02112676056,-0.04651162791,0.0041,0.007285974499
1975-12-31,-0.0126,-0.0112,0.0048,0.0003,0.023202926,0.03288151597,-0.05755395683,0,0.05219336493,0.003616636528
1976-01-31,0.1899,0.1262,0.0047,0.0821,0.136843102,0.003724373626,0,0,0.01374977376,0.001801801802
1976-02-29,0.0528,0.0065,0.0034,-0.033,0.049321543,0.008559466166,0.01526717557,0.0243902439,0.01236860987,0.003597122302
1976-03-31,0.0082,0.0272,0.004,0.0748,0.004132063,0.01406347103,-0.03759398496,0.04761904762,0.01733333333,0.001792114695
1976-04-30,-0.0257,-0.0107,0.0042,0.0193,0.018533295,0.005693779918,-0.0078125,0.02272727273,0.02174385965,0.003577817531
1976-05-31,-0.0255,-0.0097,0.0037,0.0546,-0.028017694,-0.01334925159,-0.007874015748,0.06666666667,0.02956206897,0.007130124777
1976-06-30,0.0458,0.0449,0.0043,0.051,0.039931188,0.01347081106,-0.06349206349,0,0.02110672269,0.005309734513
1976-07-31,-0.0112,-0.0059,0.0047,-0.0046,0.025137042,0.00655,-0.06779661017,-0.1041666667,-0.00356446281,0.005281690141
1976-08-31,-0.022,-0.0015,0.0042,-0.007,0.03695285,0.02034722005,0.03636363636,0,0.01253333333,0.005253940455
1976-09-30,0.0264,0.025,0.0044,0.0589,0.01002912,0.01400917066,0.01754385965,-0.02325581395,0.008532231405,0.003484320557
1976-10-31,-0.0357,-0.0201,0.0041,-0.0238,0.01159707,0.01535662629,0.1206896552,0.04761904762,0.01233045267,0.005208333333
1976-11-30,0.0336,0.0076,0.004,0.0083,0.033236845,0.03530558305,0.03076923077,0,0.02032653061,0.001727115717
1976-12-31,0.0825,0.0605,0.004,0.0632,0.066430458,0.02017701912,-0.01492537313,0,0.06825702811,0.003448275862
1977-01-31,0.0244,-0.0367,0.0036,0.0032,0.058160108,-0.035502885,0.0303030303,0.02272727273,0.03001509434,0.005154639175
1977-02-28,-0.0195,-0.0159,0.0035,-0.0315,0.009933199,0.002684828456,0.08823529412,0.08888888889,0.04394117647,0.01025641026
1977-03-31,-0.0063,-0.0097,0.0038,-0.0214,0.006606224,0.008300247093,0.006756756757,-0.02040816327,0.01440070671,0.006768189509
1977-04-30,0.0395,0.0053,0.0038,0.0267,0.013120103,0.004094230407,-0.01342281879,-0.02083333333,-0.02067552448,0.008403361345
1977-05-31,0.0052,-0.011,0.0037,-0.0021,0.003432261,0.01109823061,-0.04081632653,-0.04255319149,-0.02138960573,0.005
1977-06-30,0.0694,0.0512,0.004,0.0601,0.042800304,0.01882619265,0.01418439716,0,-0.02908823529,0.006633499171
1977-07-31,-0.0106,-0.0127,0.0042,-0.0166,0.00225499,-0.009340700901,0.01398601399,0,-0.01861368821,0.004942339374
1977-08-31,-0.0197,-0.0132,0.0044,-0.0586,0.001665483,0.01600715832,0.03448275862,0,-0.003382101167,0.003278688525
1977-09-30,0.0136,0.0016,0.0043,0.0076,0.004919246,-0.003002358447,0.06,0.06666666667,0.0003784313725,0.003267973856
1977-10-31,-0.0483,-0.039,0.0049,-0.0358,-0.000197455,-0.008337961143,0.01886792453,0,0.0206480315,0.00325732899
1977-11-30,0.0858,0.045,0.005,0.0345,0.044581181,0.01120280557,-0.01234567901,-0.02083333333,0.02050387597,0.00487012987
1977-12-31,0.0205,0.0076,0.0049,0.0197,0.018884761,-0.009490550758,0.08125,0.04255319149,0.01253358779,0.003231017771
1978-01-31,-0.0351,-0.0551,0.0049,-0.0696,-0.022926481,-0.004417866875,0.0289017341,0.02040816327,0.01247575758,0.006441223833
1978-02-28,0.015,-0.0093,0.0046,-0.0116,0.01437258,-0.0001664782186,0.03370786517,0.06,0.02339699248,0.0064
1978-03-31,0.0635,0.0338,0.0053,0.0221,0.047535507,-0.0007252831232,-0.04891304348,-0.01886792453,0.0200601476,0.007949125596
1978-04-30,0.0975,0.0841,0.0054,0.0659,0.033244101,0.0007404933638,0.005714285714,-0.01923076923,-0.001872727273,0.007886435331
1978-05-31,0.0876,0.0227,0.0051,0.0094,-0.029887258,-0.005140295587,0.04545454545,0.03921568627,0.001436996337,0.009389671362
1978-06-30,0.0224,-0.0115,0.0054,-0.0379,-0.007484574,-0.006208101046,0.02717391304,0.01886792453,-0.009305882353,0.01085271318
1978-07-31,0.0979,0.0568,0.0056,0.0336,0.033207232,0.01116118287,0.08994708995,0.01851851852,0.01306268657,0.007668711656
1978-08-31,0.1061,0.0434,0.0056,0.0524,0.043467687,0.01848818256,0.02912621359,0.01818181818,0.02782222222,0.004566210046
1978-09-30,-0.0461,-0.0082,0.0062,0.0484,0.000241036,-0.004278907034,0.07075471698,0.05357142857,0.02431594203,0.007575757576
1978-10-31,-0.2334,-0.1122,0.0068,-0.1049,-0.075442569,-0.01892768437,-0.09251101322,0,0.01035871886,0.009022556391
1978-11-30,0.1105,0.0341,0.007,0.0617,0.032773665,0.01401026545,0.009708737864,0,0.03891489362,0.004470938897
1978-12-31,0.0341,0.0165,0.0078,0.0289,0.037407297,-0.01135619203,0.09134615385,0.05084745763,0.1315113402,0.004451038576
1979-01-31,0.0651,0.0499,0.0077,0.03,0.039014537,0.02066116114,0.08370044053,0.1774193548,0.09638501529,0.008862629247
1979-02-28,-0.0417,-0.0283,0.0073,0.0061,0.02065818,-0.006745587808,-0.0162601626,0.01369863014,0.0466258427,0.01171303075
1979-03-31,0.1033,0.0648,0.0081,0.0918,0.072208141,0.01152551589,-0.01239669421,0,0.02161351351,0.01013024602
1979-04-30,0.0159,0.0073,0.008,0.0451,0.007752014,-0.007783823609,0.07949790795,0.1351351351,0.184,0.01146131805
1979-05-31,-0.0139,-0.0138,0.0082,-0.0259,-0.009413186,0.02660423886,0.08139534884,0.02380952381,0.09210022676,0.01274787535
1979-06-30,0.0658,0.0465,0.0081,0.0919,0.091964023,0.02394460086,0.05734767025,0.05813953488,-0.01072845188,0.01118881119
1979-07-31,0.0194,0.016,0.0077,0.0165,0.04314575,-0.005660635852,0.02033898305,0.02197802198,0.01622878465,0.01106500692
1979-08-31,0.073,0.0631,0.0077,0.08,0.126039237,-0.007296452471,0.1794019934,0.4838709677,0.02672748414,0.009575923393
1979-09-30,0.0438,0,0.0083,0.0597,-0.02290748,-0.005063469192,0.1042253521,0.2028985507,0.04149502075,0.0108401084
1979-10-31,-0.0644,-0.0723,0.0087,-0.0236,-0.106482136,-0.06951207094,0,0.006024096386,0.06090883534,0.008042895442
1979-11-30,0.1235,0.0621,0.0099,0.0881,0.035056993,0.0297819032,0.1607142857,0.3473053892,-0.001550381679,0.009308510638
1979-12-31,0.0869,0.0273,0.0095,0.0245,0.032634176,0.01172242209,0.4835164835,0.7288888889,0.02108301158,0.01054018445
1980-01-31,0.1297,0.063,0.008,0.1413,0.075008771,-0.03893646735,-0.01481481481,-0.09511568123,0.00227480916,0.01434159061
1980-02-29,0.0504,-0.0034,0.0089,0.1318,0.011909656,-0.07930470663,-0.1669172932,-0.2982954545,-0.01221324376,0.01413881748
1980-03-31,-0.2125,-0.1169,0.0121,-0.1788,-0.121538895,0.01507112314,-0.06678700361,-0.3967611336,0.008178431373,0.01520912548
1980-04-30,0.0687,0.0521,0.0126,0.0692,-0.003101391,0.1239938599,-0.00580270793,-0.1476510067,0.02441102362,0.01123595506
1980-05-31,0.0395,0.0607,0.0081,0.0401,0.05095575,0.04041117091,0.1692607004,0.2440944882,-0.005518677043,0.00987654321
1980-06-30,0.0629,0.0359,0.0061,0.0583,0.069824695,0.01847350424,0.06988352745,0.03164556962,0.0061,0.01100244499
1980-07-31,0.0635,0.0704,0.0053,0.0196,0.077929131,-0.03202706708,-0.02488335925,-0.0245398773,-0.04203727811,0
1980-08-31,0.0515,0.0239,0.0064,0.037,0.030332529,-0.03717881391,0.07496012759,0.251572327,0.01054078675,0.007255139057
1980-09-30,0.0832,0.0294,0.0075,0.0652,-0.016363734,-0.008254848655,-0.01928783383,0.01507537688,0.07347938144,0.008403361345
1980-10-31,0.052,0.0199,0.0095,0.0784,0.102146152,-0.02389305444,-0.05446293495,-0.07920792079,0.05205319149,0.009523809524
1980-11-30,0.172,0.1056,0.0096,0.244,-0.019825051,-0.004101398568,-0.1392,-0.1129032258,-0.02008460111,0.008254716981
1980-12-31,-0.0728,-0.0315,0.0131,-0.106,-0.016117307,0.02694495375,0.03531598513,-0.103030303,0.02074818356,0.009356725146
1981-01-31,-0.1123,-0.0402,0.0104,-0.1018,0.020569997,-0.003591582428,-0.1023339318,-0.1148648649,-0.01996053131,0.008111239861
1981-02-28,0.0004,0.0168,0.0107,-0.0031,0.008941723,-0.03005631043,-0.002,-0.06106870229,0.004829158513,0.01034482759
1981-03-31,0.085,0.0488,0.0121,-0.0212,0.025256007,0.02763443268,-0.006012024048,-0.06504065041,-0.00758503937,0.006825938567
1981-04-30,-0.0038,-0.0108,0.0108,-0.0781,0.014971112,-0.04074783648,-0.03225806452,-0.05217391304,-0.02333654618,0.006779661017
1981-05-31,0.0578,0.0128,0.0115,-0.04,-0.003757037,0.04470754883,-0.03958333333,-0.08256880734,-0.02592203742,0.00785634119
1981-06-30,-0.0797,-0.0099,0.0135,0.0475,0.023266155,-0.007923414967,-0.1127982646,-0.14,0.03725809935,0.008908685969
1981-07-31,-0.0249,-0.0031,0.0124,0.0793,-0.007519592,-0.03026093154,0.002444987775,0.03488372093,0.02083881857,0.01103752759
1981-08-31,-0.0842,-0.0574,0.0128,-0.0627,-0.038141576,-0.02491368911,0.08292682927,0.1348314607,0.006523849372,0.007641921397
1981-09-30,-0.0814,-0.0595,0.0124,-0.1234,-0.064531938,-0.008393613068,-0.01351351351,-0.08910891089,0.01661052632,0.009750812568
1981-10-31,0.1181,0.0613,0.0121,0.0956,0.050564132,0.07575410375,-0.05707762557,-0.07608695652,0.01838930818,0.002145922747
1981-11-30,0.0278,0.0447,0.0107,0.0687,0.037194962,0.09440549672,-0.007263922518,-0.01176470588,0.0002833333333,0.003211991435
1981-12-31,-0.0261,-0.0276,0.0087,-0.0642,-0.002723938,-0.03411790931,-0.06341463415,-0.04761904762,-0.001826315789,0.003201707577
1982-01-31,-0.0359,-0.0243,0.008,-0.0848,-0.003911603,0.003220703643,-0.02604166667,0.0375,-0.05582978723,0.003191489362
1982-02-28,-0.0477,-0.0494,0.0092,-0.1118,-0.018432742,0.01760325435,-0.1176470588,-0.1325301205,-0.03625454545,0.003181336161
1982-03-31,-0.0052,-0.0084,0.0098,-0.0338,-0.014967883,0.003801433155,0.06060606061,0.01388888889,0.0717047619,-0.001057082452
1982-04-30,0.0441,0.0437,0.0113,0.0433,0.028090951,0.02832067355,-0.04571428571,-0.08219178082,0.04269013453,0.004232804233
1982-05-31,-0.0112,-0.0287,0.0106,0.0248,-0.000207788,0.020129904,-0.05688622754,-0.1641791045,-0.01331304348,0.009483667018
1982-06-30,0.0108,-0.0212,0.0096,-0.0627,-0.037717102,-0.02659068913,0.07619047619,0.1607142857,-0.008217371938,0.01252609603
1982-07-31,-0.0157,-0.0215,0.0105,-0.0809,0.004436049,0.05279610516,0.07374631268,0.09230769231,-0.007640589569,0.005154639175
1982-08-31,0.0956,0.1199,0.0076,0.1004,0.036698528,0.0596943175,0.2005494505,0.2394366197,0.0283852194,0.002051282051
1982-09-30,0.0473,0.0182,0.0051,0.0189,0.04600136,0.07329712612,-0.03432494279,0.06818181818,0.01188733032,0.002047082907
1982-10-31,0.1387,0.1189,0.0059,0.0546,0.101235885,0.07146192503,-0.01658767773,0.04255319149,-0.007583146067,0.003064351379
1982-11-30,0.0995,0.0531,0.0063,-0.0462,0.037313019,0.004102926764,0.07228915663,0.08163265306,-0.03242437358,-0.002036659878
1982-12-31,0.0006,0.0123,0.0067,0.0557,0.025952373,0.03538116276,0.0808988764,0.1603773585,-0.007518009479,-0.004081632653
1983-01-31,0.0256,0.0428,0.0069,0.036,0.04008206,-0.01787702065,0.02079002079,0.1382113821,-0.01233076923,0.002049180328
1983-02-28,0.0691,0.0321,0.0062,-0.0051,-0.00638902,0.04165008238,-0.1446028513,-0.2428571429,-0.003603921569,0.001022494888
1983-03-31,0.0489,0.0344,0.0063,0.0598,0.094149642,-0.01268850377,0.03095238095,0.09433962264,0.0459039604,0
1983-04-30,0.1063,0.0737,0.0071,0.0942,0.063946078,0.03041137516,0.01154734411,0.1120689655,0.01424285714,0.007150153218
1983-05-31,0.0476,0.012,0.0069,0.0125,0.012756664,-0.0239635498,-0.05707762557,-0.09302325581,0.01635626478,0.006085192698
1983-06-30,0.0571,0.0374,0.0067,0.064,0.01775169,3.065541104e-05,-0.02421307506,0.02564102564,0.0160676815,0.003024193548
1983-07-31,-0.0784,-0.0332,0.0074,-0.0228,-0.024170273,-0.03719666154,0.03225806452,0.008333333333,0.03988259861,0.004020100503
1983-08-31,-0.0452,0.0026,0.0076,0.0693,-0.002839049,-0.002827162221,-0.009615384615,-0.00826446281,0.0008584269663,0.003003003003
1983-09-30,0.0117,0.0168,0.0076,-0.0468,-0.011640035,0.0416685272,-0.04368932039,-0.175,-0.003712217195,0.00499001996
1983-10-31,-0.0939,-0.0267,0.0076,-0.02,0.03341215,-0.007854601608,-0.03045685279,-0.1111111111,-0.01070663616,0.002979145978
1983-11-30,0.0541,0.0287,0.007,-0.0049,0.020947846,0.01618763638,0.01570680628,0.03409090909,0.002337995338,0.00198019802
1983-12-31,-0.0263,-0.0104,0.0073,0.0218,0.038256985,-0.001284819426,-0.04381443299,-0.08791208791,0.02369344262,0.0009881422925
1984-01-31,-0.0666,-0.0116,0.0076,0.0993,0.037026788,0.01856886453,0.04043126685,0.09638554217,0.0076,0.005923000987
1984-02-29,-0.0461,-0.0406,0.0071,0.0403,0.006300104,-0.01145994516,0.0207253886,0.05494505495,0.01862073733,0.004906771344
1984-03-31,0.0232,0.0138,0.0073,0.0025,0.00070836,-0.01747329032,-0.03299492386,-0.04166666667,0.0073,0.001953125
1984-04-30,0.0165,0.003,0.0081,0.04,0.014132657,-0.005650021077,-0.01049868766,-0.02173913043,0.0081,0.004873294347
1984-05-31,-0.0557,-0.052,0.0078,-0.0513,-0.019859911,-0.04725653359,0.002652519894,-0.02222222222,-0.01725694761,0.002909796314
1984-06-30,0.0145,0.0256,0.0075,-0.0198,-1.5404e-05,0.01532273892,-0.07936507937,-0.1477272727,-0.04156542056,0.002901353965
1984-07-31,-0.0201,-0.019,0.0082,-0.0745,-0.016932904,0.06295304147,0,0.01333333333,0.0082,0.003857280617
1984-08-31,0.0862,0.111,0.0083,0.1402,0.041801535,0.01742493494,-0.02298850575,-0.03947368421,0.003385995086,0.003842459174
1984-09-30,0.0124,0.0006,0.0086,0.0227,0.070769049,0.02866516993,0.002941176471,0,-0.006214814815,0.004784688995
1984-10-31,0.0074,0.0016,0.01,-0.0431,0.020888813,0.04972400236,0.00293255132,0.02739726027,0.007493734336,0.002857142857
1984-11-30,-0.0132,-0.0104,0.0073,-0.0104,0.020162154,0.02207645027,-0.06432748538,-0.12,-0.01782562814,0
1984-12-31,0.0258,0.0248,0.0064,-0.0054,0.020026377,0.01140236002,-0.053125,-0.07575757576,0.0064,0
1985-01-31,0.0648,0.0862,0.0065,0.0653,0.048829441,0.03217145931,-0.01320132013,0,0.02969587629,0.001899335233
1985-02-28,0.0288,0.018,0.0058,0.0392,0.027338088,-0.03328584527,0.05016722408,-0.01639344262,0.003281108312,0.004739336493
1985-03-31,-0.0053,-0.0021,0.0062,0.015,0.015741614,0.02505006329,0.04140127389,0.06666666667,0.0062,0.003773584906
1985-04-30,0,-0.0024,0.0072,0.0386,0.009439696,0.02380801653,-0.03363914373,-0.015625,-0.02562828283,0.00469924812
1985-05-31,0.0746,0.0573,0.0066,0.0058,0.031020117,0.07909144291,0.003164556962,-0.01587301587,-0.006454830287,0.00374181478
1985-06-30,0.0355,0.0182,0.0055,-0.006,0.020446301,0.01041634339,0,-0.03225806452,-0.002436507937,0.002795899348
1985-07-31,-0.0134,-0.001,0.0062,-0.0063,0.019262655,-0.01092470405,0.04100946372,0.03333333333,0.008866666667,0.001858736059
1985-08-31,-0.0091,-0.0046,0.0055,0.0158,-0.024476847,0.02666594553,-0.02121212121,-0.01612903226,-0.002478723404,0.00185528757
1985-09-30,-0.0486,-0.0391,0.006,-0.0131,-0.020265999,0.006721660527,0.009287925697,0.01639344262,0.01672386059,0.002777777778
1985-10-31,0.0733,0.0465,0.0065,0.0599,0.028166942,0.02727705968,-0.01226993865,-0.01612903226,0.03302519894,0.003693444137
1985-11-30,0.0741,0.0707,0.0061,0.0031,-0.004376229,0.03497325006,0,-0.03278688525,-0.03782764858,0.002759889604
1985-12-31,0.0376,0.0453,0.0065,-0.0268,0.027468503,0.0463650792,0.07763975155,0.01694915254,0.01460810811,0.002752293578
1986-01-31,0.0446,0.0121,0.0056,-0.0684,0.044292246,0.002314813062,-0.02305475504,-0.01666666667,-0.1606198391,0.00274473925
1986-02-28,0.0833,0.0767,0.0053,0.0091,0.020567104,0.07175074938,0.02064896755,-0.05084745763,-0.07830128617,-0.002737226277
1986-03-31,0.0576,0.0551,0.006,0.0081,0.066628798,0.05844501161,-0.01734104046,-0.07142857143,-0.03961403509,-0.004574565416
1986-04-30,0.0016,-0.0076,0.0052,0.0083,-0.001689629,0.006856890088,0.005882352941,-0.01923076923,0.03461176471,-0.001838235294
1986-05-31,0.0663,0.0511,0.0049,0.0741,-0.016952546,-0.03927697324,0.002923976608,0,-0.07367142857,0.002762430939
1986-06-30,0.0312,0.0158,0.0052,-0.0203,0.051168914,0.05567319807,0.01457725948,-0.01960784314,-0.07619534884,0.005509641873
1986-07-31,-0.0764,-0.0591,0.0052,-0.0514,-0.005230714,0.006824812256,0.08333333333,0.04,0.1275628692,0
1986-08-31,0.0371,0.0653,0.0046,0.1684,0.033186288,0.03389365028,0.1087533156,0.07692307692,0.03091578947,0.001826484018
1986-09-30,-0.1144,-0.0814,0.0045,-0.0083,-0.00822182,-0.02902671544,0.01435406699,0,-0.01015201465,0.004557885141
1986-10-31,0.0725,0.051,0.0046,0.0194,0.022498678,0.01390626815,-0.06132075472,0,0.02318736059,0.0009074410163
1986-11-30,0.0044,0.0156,0.0039,0.0326,-0.007034288,0.01952727999,-0.0175879397,-0.03571428571,0.03674671533,0.0009066183137
1986-12-31,-0.0212,-0.0277,0.0049,-0.0042,-0.018206508,0.0003320760012,0.04347826087,0.01851851852,0.06143710247,0.0009057971014
1987-01-31,0.1803,0.1287,0.0042,0.1423,0.056045765,0.009549339106,-0.01715686275,0,-0.01586688963,0.006334841629
1987-02-28,0.0523,0.0481,0.0043,-0.0179,0.035851516,0.005278783066,0.01995012469,0.03636363636,0.02136484642,0.003597122302
1987-03-31,0.0409,0.021,0.0047,0.1196,0.001829308,-0.01623231235,0.07090464548,0.2807017544,0.01476711409,0.004480286738
1987-04-30,0.0044,-0.0165,0.0044,0.0013,-0.01206473,-0.04086859843,0.0502283105,0.1643835616,0.03430033223,0.005352363961
1987-05-31,0.0084,0.0049,0.0038,0.03,-0.007599042,-0.01177859983,-0.02173913043,-0.1294117647,0.0038,0.003549245785
1987-06-30,0.0367,0.0439,0.0048,0.0587,0.027607824,0.01442548205,0.002222222222,0.02702702703,0.03383225806,0.003536693192
1987-07-31,0.0554,0.043,0.0046,0.0317,4.0913e-05,-0.01149903187,0.022172949,0.02631578947,-0.004804388715,0.002643171806
1987-08-31,0.0408,0.0399,0.0047,0.019,-0.023913797,-0.0148968253,-0.002169197397,-0.02564102564,0.007864556962,0.005272407733
1987-09-30,0.0009,-0.0213,0.0045,-0.0384,-0.00774224,-0.03237911426,0.01086956522,0,0.02973659306,0.005244755245
1987-10-31,-0.267,-0.2259,0.006,-0.1874,-0.152393736,0.05705936356,0.006451612903,-0.1052631579,-0.0001538461538,0.002608695652
1987-11-30,-0.0618,-0.0741,0.0035,-0.1073,0.022525638,0.0002425342734,0.03846153846,0,0.009691950464,0.0008673026886
1987-12-31,0.0802,0.0721,0.0039,0.0672,0.039636891,0.01797508771,-0.01851851852,-0.01470588235,0.01620769231,0
1988-01-31,-0.0207,0.045,0.0029,0.0851,0.054804209,0.04564869325,-0.07337526205,-0.05970149254,-0.03661367781,0.00259965338
1988-02-29,0.0759,0.0523,0.0046,0.0356,0.038233391,0.01363061273,0.004524886878,0.01587301587,0.0046,0.002592912705
1988-03-31,0.0044,-0.0182,0.0044,0.026,0.004971454,-0.02037008612,0.01801801802,0.015625,0.04870379747,0.004310344828
1988-04-30,0.0167,0.0103,0.0046,0.0461,0.006952582,-0.01248060145,-0.002212389381,0,0.02581212121,0.005150214592
1988-05-31,-0.0114,0.0024,0.0051,-0.0041,-0.014753131,-0.01388665113,0,0.07692307692,0.04961038576,0.00341588386
1988-06-30,0.0353,0.0527,0.0049,-0.0211,0.034745349,0.03257562227,-0.0288248337,0,-0.05191818182,0.004255319149
1988-07-31,-0.0109,-0.0074,0.0051,0.0367,0.010685007,-0.01206085541,-0.01598173516,-0.04285714286,-0.006948192771,0.004237288136
1988-08-31,-0.0301,-0.0272,0.0059,-0.0146,-0.004668204,-0.0007643169581,-0.04176334107,-0.0447761194,-0.03983170732,0.004219409283
1988-09-30,0.0438,0.0393,0.0062,-0.0253,0.005635917,0.03256320628,-0.01452784504,-0.015625,-0.003384664537,0.006722689076
1988-10-31,0.0168,0.0177,0.0061,0.0189,-0.004385995,0.02191986535,0.03194103194,0,0.03190645161,0.003338898164
1988-11-30,-0.023,-0.017,0.0057,-0.0023,-0.020250196,-0.01938875149,-0.002380952381,-0.03174603175,0.07488238994,0.0008319467554
1988-12-31,0.0202,0.0211,0.0063,0.0183,0.017891069,0.002378242589,-0.03579952267,-0.01639344262,0.03277058824,0.001662510391
1989-01-31,0.0657,0.0662,0.0055,0.0616,0.022163078,0.0160681633,-0.0396039604,-0.01666666667,-0.01455730659,0.004979253112
1989-02-28,0.0178,-0.0162,0.0061,-0.0129,-0.002975511,-0.01237731791,0.005154639175,0.01694915254,0.04995964912,0.004128819158
1989-03-31,0.0454,0.0224,0.0067,0.0389,0.004639754,0.009050716618,-0.01538461538,-0.03333333333,0.02630784314,0.005756578947
1989-04-30,0.0564,0.0502,0.0067,0.0244,0.028260918,0.02594534115,-0.03385416667,-0.05172413793,-0.02077252747,0.006541291905
1989-05-31,0.0514,0.0407,0.0079,0.0274,0.009335815,0.03531295861,-0.008086253369,-0.03636363636,-0.02317344633,0.005686433794
1989-06-30,-0.0022,-0.0062,0.0071,-0.0101,0.019383902,0.04099255031,0.01902173913,-0.01886792453,-0.00456180758,0.002423263328
1989-07-31,0.0907,0.0788,0.007,0.0378,0.03695718,0.02592899088,-0.02666666667,0,-0.01659882006,0.002417405318
1989-08-31,0.0202,0.0217,0.0074,0.035,0.009228221,-0.02304080414,-0.008219178082,-0.01923076923,0.01948459215,0.001607717042
1989-09-30,0.0337,-0.0011,0.0065,0.0136,-0.009355144,0.00353191146,0.0138121547,0,0.03635074627,0.003210272873
1989-10-31,-0.0414,-0.0297,0.0068,0.0078,-0.025787368,0.03352025066,0.07356948229,0.07843137255,0.003901449275,0.0048
1989-11-30,0.0127,0.0173,0.0069,0.0398,-0.003142802,0.01207484371,0.03807106599,0.01818181818,0.01852790698,0.002388535032
1989-12-31,-0.0043,0.0179,0.0061,0.0602,-0.002002782,0.000398688904,0.002444987775,-0.07142857143,0.0377091954,0.001588562351
1990-01-31,-0.1065,-0.0723,0.0057,-0.0428,-0.041491124,-0.02672971131,0.01707317073,0.01923076923,-0.02772618384,0.01030927835
1990-02-28,0.0153,0.0169,0.0057,0.0309,-0.007010856,0.001709581971,-0.05755395683,-0.03773584906,-0.01735475504,0.004709576138
1990-03-31,0.039,0.0247,0.0064,-0.0062,0.009970115,-0.002153550677,-0.04834605598,0,-0.02899823009,0.00546875
1990-04-30,-0.0159,-0.0267,0.0069,-0.0354,-0.01738118,-0.01811324089,-0.01336898396,0,0.0069,0.001554001554
1990-05-31,0.1302,0.0911,0.0068,0.0601,-0.000766472,0.03665325823,-0.0460704607,-0.03921568627,-0.02683914373,0.00232738557
1990-06-30,0.016,-0.0046,0.0063,-0.0202,0.01726903,0.01850160184,0.03125,0,0.05060379747,0.005417956656
1990-07-31,-0.0175,-0.0122,0.0068,0.0837,-0.0091044116,0.0117066902,0.08815426997,0.02040816327,0.2219515152,0.003849114704
1990-08-31,-0.1024,-0.0946,0.0066,-0.0124,-0.07202311598,-0.02575132726,-0.01518987342,-0.04,0.1412633416,0.009202453988
1990-09-30,-0.0652,-0.0551,0.006,-0.0165,-0.07071924554,0.01000532866,-0.0205655527,-0.08333333333,0.03457142857,0.008358662614
1990-10-31,-0.009,-0.0124,0.0068,-0.0394,-0.03371044755,0.01857633535,0.002624671916,-0.04545454545,-0.04661880342,0.006028636021
1990-11-30,0.0553,0.0692,0.0057,0.0164,0.07096605,0.03340700064,-0.01308900524,-0.02380952381,-0.0778214447,0.002247191011
1990-12-31,0.0175,0.0306,0.006,-0.0206,-0.00302095142,0.01907141814,0.01856763926,0,-0.07281773399,0
1991-01-31,0.0624,0.0521,0.0052,-0.0203,0.1094,0.01012640658,-0.05208333333,-0.09756097561,-0.08036149733,0.005979073244
1991-02-28,0.091,0.0767,0.0048,0.0854,0.0181,0.007370581674,-0.002747252747,0.05405405405,0.0048,0.001485884101
1991-03-31,0.0646,0.031,0.0044,0.0132,0.08668872,0.004649289755,-0.01377410468,0.02564102564,-0.004371929825,0.001483679525
1991-04-30,-0.0144,0.0025,0.0053,0.0239,0.0253241,0.008745078354,-0.002793296089,0,-0.009449262537,0.001481481481
1991-05-31,0.0406,0.0413,0.0047,-0.0139,0.01111561,0.00397247429,0.02801120448,0.1,-0.02224610778,0.002958579882
1991-06-30,-0.0469,-0.0452,0.0042,-0.037,-0.02790871,-0.005385679939,0.00272479564,-0.02272727273,0.02573846154,0.002949852507
1991-07-31,0.0774,0.0473,0.0049,0.0507,0.02017748927,0.009560821479,-0.03260869565,-0.06976744186,0.01694819277,0.001470588235
1991-08-31,0.0578,0.0278,0.0046,0.0161,-0.0040448561,0.03286196381,-0.01966292135,0,0.03138571429,0.002936857562
1991-09-30,0.0061,-0.0113,0.0046,-0.0069,0.02448611023,0.03086770838,0.02865329513,0.025,0.0393826087,0.00439238653
1991-10-31,0.0372,0.0171,0.0042,0.0204,-0.01099481,0.006225,0.00278551532,0,-0.01820896359,0.001457725948
1991-11-30,-0.0541,-0.0381,0.0039,-0.0774,-0.00555116,0.01251201079,0.005555555556,-0.0487804878,-0.05340659026,0.002911208151
1991-12-31,0.177,0.1123,0.0038,0.0215,0.0715496,0.05439232376,-0.02209944751,0.05128205128,-0.01747659574,0.0007256894049
1992-01-31,0.0262,-0.0025,0.0034,-0.0411,0.048702344,-0.03645369798,0,0,0.0034,0.001450326323
1992-02-29,0.0083,0.0136,0.0028,-0.0058,-0.0239238,0.008899736427,-0.02824858757,0,-0.003411180124,0.003620564808
1992-03-31,-0.0405,-0.0231,0.0034,-0.0271,-0.01659777,-0.01266800216,-0.01453488372,0,0.03465,0.005050505051
1992-04-30,-0.0247,0.0141,0.0032,0.0954,-0.00355169,0.00144351937,-0.005899705015,0,0.02744242424,0.001435750179
1992-05-31,0.0226,0.0058,0.0028,0.0317,0.0437,0.02594521298,0.0118694362,0,0.02942721893,0.001433691756
1992-06-30,-0.0403,-0.0201,0.0032,-0.0346,-0.0130933495,0.01952499629,0.03519061584,-0.0243902439,-0.008327377522,0.003579098067
1992-07-31,0.0406,0.0409,0.0031,0.0528,0.04344503,0.03617769359,-0.0283286119,-0.05,-0.00273090379,0.002139800285
1992-08-31,-0.0454,-0.0212,0.0026,0.0256,0.0030755069,0.01282993836,0.00583090379,0,0.0172627566,0.002846975089
1992-09-30,0.0425,0.0145,0.0026,0.0007,0.020614,0.02379937318,-0.002898550725,0,-0.01185086705,0.002838892832
1992-10-31,0.0528,0.0125,0.0023,-0.0352,-0.00127596,-0.02552668046,-0.0261627907,0,-0.0270255132,0.003538570418
1992-11-30,0.0837,0.0437,0.0023,-0.0269,0.02116338,-0.005016788568,0,-0.02631578947,-0.01884803625,0.001410437236
1992-12-31,0.0572,0.0181,0.0028,0.0201,0.018043,0.02380073156,-0.01791044776,0,-0.01571851852,-0.0007042253521
1993-01-31,0.0626,0.0116,0.0023,0.0279,0.064175,0.02823310963,0,0,0.01802327044,0.004933051445
1993-02-28,-0.0079,0.0034,0.0022,0.0604,0.0537664,0.03206735405,0.003039513678,-0.02702702703,0.02387182663,0.00350631136
1993-03-31,0.0474,0.0257,0.0025,0.0411,0.084727,0.005025,0.03636363636,0.1111111111,0.00553030303,0.003494060098
1993-04-30,-0.0322,-0.0281,0.0024,0.0112,-0.0440435,0.00354068544,0.0730994152,0.125,0.0024,0.00278551532
1993-05-31,0.0805,0.0311,0.0022,0.0181,-0.015849,-0.003080749219,0.0136239782,-0.02222222222,-0.02499033233,0.001388888889
1993-06-30,0.0296,0.0055,0.0025,-0.0109,0.0324132,0.0321620637,0.05376344086,0.1363636364,0.0025,0.001386962552
1993-07-31,0.0077,-0.001,0.0024,0.0046,0.017463,0.00258407308,-0.03316326531,-0.04,0.0024,0
1993-08-31,0.0852,0.0397,0.0025,0.0428,0.0246955,0.0338578224,-0.06332453826,-0.125,-0.01923913043,0.002770083102
1993-09-30,0.0487,0.0014,0.0026,0.0133,0.0488153,0.008366328577,0.02535211268,0.02380952381,0.005774603175,0.002071823204
1993-10-31,0.0085,0.0164,0.0022,-0.0196,-0.01906714,0.002208423329,0.02747252747,0.04651162791,-0.01678734177,0.004135079256
1993-11-30,-0.0483,-0.0162,0.0025,-0.0599,-0.0542318,-0.02546513671,0.02406417112,0.1111111111,-0.02008064516,0.0006863417982
1993-12-31,0.0312,0.0188,0.0023,0.0059,-0.0016992,0.004858333333,0.01044386423,0.02,0.0221019802,0
1994-01-31,0.049,0.0312,0.0025,0.0489,0.02911047,0.01466417672,-0.01291989664,0.01960784314,0.008972491909,0.002743484225
1994-02-28,-0.0116,-0.0234,0.0021,-0.0296,0.0434229,-0.02849337787,0.005235602094,0.03846153846,-0.01076173633,0.00341997264
1994-03-31,-0.0572,-0.0452,0.0027,-0.0356,-0.037025049,-0.03939545278,-0.01822916667,0,0.02550130293,0.003408316292
1994-04-30,0.0031,0.0095,0.0027,0.042,0.01698178,-0.01491048927,0.01061007958,0,0.04410127389,0.001358695652
1994-05-31,-0.0218,0.009,0.0032,0.0094,0.0222554,-0.001873708121,0.01312335958,0,0.03072293578,0.0006784260516
1994-06-30,-0.0616,-0.0273,0.0031,-0.0272,-0.0203959,-0.005921808358,-0.002590673575,-0.01851851852,0.04476666667,0.003389830508
1994-07-31,0.0249,0.031,0.0028,0.0327,-0.00489047,0.0216657738,-0.01298701299,-0.01886792453,-0.02291428571,0.002702702703
1994-08-31,0.0834,0.0439,0.0037,-0.0011,0.0029854,0.001001481461,0.03157894737,0.05769230769,-0.005097653959,0.004043126685
1994-09-30,0.0076,-0.0191,0.0037,-0.021,-0.018568,-0.02372534901,-0.005102040816,0,0.009617159763,0.002684563758
1994-10-31,0.0294,0.0173,0.0038,0.0743,-0.03468736,-0.006670101676,-0.01538461538,-0.05454545455,0.03615294118,0.0006693440428
1994-11-30,-0.0514,-0.0366,0.0037,-0.0484,-0.0343859,-0.0003139871553,-0.01302083333,-0.07692307692,-0.01054501425,0.001337792642
1994-12-31,0.0148,0.013,0.0044,-0.0101,0.07299725,0.01138215492,0,0,0.02752138728,0
1995-01-31,-0.0179,0.0222,0.0042,0.0038,-0.02183553,0.02313439269,-0.005277044855,-0.02083333333,0.01267457627,0.004008016032
1995-02-28,0.0422,0.0403,0.004,0.0452,0.0246992,0.03307009058,0.01326259947,-0.02127659574,-0.001602240896,0.003992015968
1995-03-31,0.0406,0.0265,0.0046,0.0528,-0.0040079,0.007425132517,0.02356020942,0.1956521739,0.0384028169,0.003313452618
1995-04-30,0.0469,0.0255,0.0044,0.0224,-0.00025676,0.01520887404,-0.01534526854,0.01818181818,-0.006499182561,0.003302509908
1995-05-31,0.0264,0.0344,0.0054,0.0408,0.0424964,0.06238360174,0.007792207792,-0.03571428571,-0.01112892562,0.001974983542
1995-06-30,0.0721,0.0319,0.0047,-0.0309,0.01591004127,0.01188033112,-0.005154639175,-0.03703703704,-0.01770896359,0.00197109067
1995-07-31,0.0653,0.0416,0.0045,0.023,0.01723525,-0.01231217782,-0.00518134715,0.03846153846,0.007365329513,0
1995-08-31,0.0067,0.0102,0.0047,-0.016,0.01200284,0.01785871014,-0.002604166667,0,0.01041428571,0.00262295082
1995-09-30,0.033,0.0379,0.0043,0.0129,0.01714851,0.0133520086,0,0,-0.004222727273,0.00196206671
1995-10-31,-0.0028,-0.0104,0.0047,-0.0023,-0.02142275,0.01554147102,0.005221932115,-0.01851851852,0.03048796562,0.003263707572
1995-11-30,0.0127,0.0438,0.0042,0.048,0.0091397899,0.02533424463,0.005194805195,-0.01886792453,0.03771955307,-0.0006506180872
1995-12-31,-0.0129,0.0153,0.0049,0.058,0.0546009,0.01845343676,0.03100775194,0.05769230769,0.0049,-0.0006510416667
1996-01-31,0.0267,0.0269,0.0043,-0.0041,0.0164562,0.003134365813,0.01503759398,0.03636363636,0.04484054054,0.005863192182
1996-02-29,0.0352,0.0172,0.0039,0.0103,0.01170453,-0.03452275199,-0.02222222222,-0.0350877193,0.009094805195,0.003238341969
1996-03-31,0.0044,0.0113,0.0039,0.0501,-0.00545409,-0.01027029068,-0.007575757576,-0.01818181818,0.02973979328,0.005164622337
1996-04-30,0.0617,0.0252,0.0046,0.0347,0.00506884,-0.01781031304,-0.002544529262,0,-0.02814559194,0.003853564547
1996-05-31,0.0504,0.0278,0.0042,0.0049,0.02583919,-0.008043871416,-0.01785714286,-0.03703703704,-0.02444583333,0.001919385797
1996-06-30,-0.0406,-0.0073,0.004,0.0096,0.013033946,0.01434088754,-0.005194805195,-0.01923076923,0.02008579088,0.0006385696041
1996-07-31,-0.1068,-0.0551,0.0045,-0.0463,0.007548915,0.0005886799253,0.01044386423,0,0.009777044855,0.00191448628
1996-08-31,0.0579,0.0318,0.0041,0.0294,0.0393661,-0.005723859437,-0.01033591731,-0.01960784314,0.02509737533,0.001910828025
1996-09-30,0.0801,0.0545,0.0044,0.0399,0.01740637,0.02307296776,-0.005221932115,-0.02,0.03010694087,0.003178639542
1996-10-31,-0.0104,0.0129,0.0042,0.0597,0.02968423,0.03119578911,-0.007874015748,-0.02040816327,-0.003318796992,0.003168567807
1996-11-30,0.0162,0.0666,0.0041,0.0554,0.04556287,0.02830458855,-0.02380952381,0,0.0445040404,0.001895135818
1996-12-31,0.0083,-0.0124,0.0046,0.0077,0.103929,-0.02193410077,-0.0379403794,0,-0.000254368932,0
1997-01-31,0.0902,0.0541,0.0045,0.0434,0.0111731173,-0.001901375985,-0.02253521127,0.0625,-0.05647560976,0.00315258512
1997-02-28,-0.0681,-0.0009,0.0039,-0.0575,-0.00204339,0.003266736973,0.0144092219,0.01960784314,-0.02207402597,0.003142677561
1997-03-31,-0.0444,-0.0459,0.0043,0.0526,-0.00212668,-0.020208499,-0.02272727273,-0.07692307692,-0.03036666667,0.002506265664
1997-04-30,0.0892,0.0447,0.0043,0.0002,-0.027517,0.02016080647,0,-0.02083333333,0.04573646409,0.00125
1997-05-31,0.0607,0.0722,0.0049,0.0734,0.0294,0.009206738275,-0.008720930233,0.02127659574,-0.0401928382,-0.0006242197253
1997-06-30,0.0451,0.0447,0.0037,0.0128,0.048601,0.01718449267,-0.04985337243,-0.08333333333,0.0037,0.001249219238
1997-07-31,0.1508,0.0774,0.0043,0.0743,0.03089178,0.04184113656,0,0.02272727273,0.01541111111,0.001247660636
1997-08-31,-0.0265,-0.0369,0.0041,0.003,-0.002393055,-0.01841742707,-0.003086419753,0.04444444444,-0.001394505495,0.001869158879
1997-09-30,0.0704,0.0578,0.0044,0.0627,0.0872728,0.02155814069,0.006191950464,0.06382978723,0.02649944751,0.002487562189
1997-10-31,-0.0789,-0.0338,0.0042,-0.02,-0.0270295,0.02608335888,-0.05846153846,0.02,-0.02012432432,0.002481389578
1997-11-30,0.0138,0.0338,0.0039,-0.0348,0.02161592194,0.003369244877,-0.05555555556,0.137254902,-0.06258199446,-0.0006188118812
1997-12-31,0.0147,0.0181,0.0048,-0.0147,0.0236098721,0.01316131606,0,0.01724137931,-0.05454718101,-0.001238390093
1998-01-31,0.0252,0.0058,0.0043,-0.0566,-0.0052855739,0.02151818778,0.0276816609,0.1525423729,-0.00831829653,0.001859888407
1998-02-28,0.0983,0.0742,0.0039,0.0678,-0.0170154512,-0.00220566463,-0.003367003367,-0.08823529412,-0.02804888179,0.001856435644
1998-03-31,0.0595,0.0515,0.0039,0.048,0.01794213513,0.0009065855119,0.04054054054,0.01612903226,0.01710132013,0.001852995676
1998-04-30,0.0539,0.0117,0.0043,0.0374,-0.03257264571,0.003970001981,-0.02922077922,-0.1111111111,0.0043,0.001849568434
1998-05-31,-0.0349,-0.0267,0.004,-0.0427,-0.007006347554,0.01384412213,-0.02341137124,-0.05357142857,-0.07091856678,0.001846153846
1998-06-30,0.0948,0.036,0.0041,-0.0123,-0.006769585524,0.01379535191,0.003424657534,0.03773584906,-0.006463380282,0.001228501229
1998-07-31,0.0096,-0.0202,0.004,-0.068,-0.06491800346,-3.48423068e-05,-0.03071672355,-0.05454545455,-0.02446975089,0.001226993865
1998-08-31,-0.1704,-0.1562,0.0043,-0.1004,-0.09437297203,0.03957625814,0.0176056338,-0.03846153846,0.05191904762,0.001225490196
1998-09-30,0.0867,0.0665,0.0046,0.1312,0.05661165158,0.05303740819,0.02422145329,0,-0.01987552448,0.001223990208
1998-10-31,0.0406,0.073,0.0032,0.011,-0.01851344477,-0.01215753401,-0.006756756757,0,-0.02905806452,0.002444987775
1998-11-30,0.0743,0.0638,0.0031,0.005,0.01472523861,-0.004024492266,-0.006802721088,-0.02,-0.05245555556,0
1998-12-31,0.1299,0.0653,0.0038,-0.0172,-0.02520776053,0.01108249507,-0.01712328767,0.04081632653,0.03909411765,-0.0006097560976
1999-01-31,0.0908,0.0383,0.0035,-0.0559,-0.02089253775,0.003082877537,0,0.07843137255,-0.04195454545,0.002440512508
1999-02-28,-0.047,-0.0373,0.0035,-0.0359,-0.02348785988,-0.04455657259,-0.003484320557,-0.05454545455,0.05508730159,0.001217285453
1999-03-31,0.0578,0.0391,0.0043,0.1471,-0.004512262953,0.007489665224,-0.01048951049,-0.01923076923,0.09486603774,0.003039513678
1999-04-30,-0.0087,0.0471,0.0037,0.1545,0.09489522338,-0.004055038433,-0.02473498233,0.03921568627,0.0037,0.007272727273
1999-05-31,-0.0316,-0.0212,0.0034,-0.0267,0.02196642124,-0.01671269117,-0.05434782609,-0.05660377358,0.01378062284,0
1999-06-30,0.085,0.0517,0.004,-0.0055,-0.01619409549,-0.008057643426,-0.01915708812,0.04,0.08276712329,0
1999-07-31,-0.0182,-0.0311,0.0038,0.0216,-0.0318198969,-0.0033712876,0.00390625,0.01923076923,0.05459365079,0.003008423586
1999-08-31,0.0076,-0.0098,0.0039,0.016,-0.01270924018,0.0004659615891,0.03112840467,-0.01886792453,0.05828066465,0.002399520096
1999-09-30,0.004,-0.0238,0.0039,-0.0369,-0.03796467349,0.01096192663,0.1735849057,0.03846153846,-0.001830659026,0.004787552364
1999-10-31,0.0659,0.0648,0.0039,-0.0255,-0.02459535696,-0.004001570858,-0.0578778135,-0.03703703704,0.05000951009,0.001786777844
1999-11-30,0.1051,0.0377,0.0036,0.0403,-0.0162653117,-0.006786878314,-0.03412969283,0,0.02839338843,0.000594530321
1999-12-31,0.2175,0.081,0.0044,-0.0023,0.03166765185,-0.01452307505,0.003533568905,0,0.01784086022,0
2000-01-31,-0.0268,-0.0433,0.0041,-0.0129,0.003293510674,-0.01120843887,0.05633802817,0,0.05449787798,0.002970885324
2000-02-29,0.2275,0.0289,0.0043,-0.0581,-0.01191300581,0.02453715493,-0.04666666667,-0.01923076923,-0.0007505050505,0.005924170616
2000-03-31,-0.0044,0.0568,0.0047,0.1376,0.03288011887,0.03432088355,-0.02097902098,0,-0.08159441624,0.008244994111
2000-04-30,-0.0901,-0.0593,0.0046,-0.013,0.06719282354,-0.009695517359,-0.01785714286,-0.01960784314,0.1129333333,0.0005841121495
2000-05-31,-0.1162,-0.0389,0.005,0.1102,0.009835625243,0.0007876751949,0.04,0,0.05763157895,0.001167542323
2000-06-30,0.1297,0.0508,0.004,-0.0617,0.0256515567,0.02455558904,-0.01398601399,0,-0.02219047619,0.005247813411
2000-07-31,-0.0329,-0.02,0.0048,-0.027,0.08740216278,0.004282499892,-0.02836879433,-0.02,0.02924987775,0.002320185615
2000-08-31,0.14,0.0753,0.005,0.0874,-0.0405845031,0.02838389342,0,0,0.07659904535,0
2000-09-30,-0.1176,-0.0493,0.0051,0.0462,0.03181767593,-0.0004805864609,-0.01459854015,-0.02040816327,-0.02608040089,0.005208333333
2000-10-31,-0.0763,-0.0222,0.0056,-0.0284,-0.04329139213,0.007088867868,-0.01481481481,-0.02083333333,0.04008275862,0.001727115717
2000-11-30,-0.2445,-0.1019,0.0051,-0.0255,0.0128398392,0.02690849715,0.01879699248,-0.02127659574,-0.03712222222,0.0005747126437
2000-12-31,0.0585,0.0168,0.005,0.0738,0.07038794962,0.03246877373,-0.0221402214,0.02173913043,0.002679814385,-0.0005743825388
2001-01-31,-0.0581,0.0379,0.0054,-0.0343,0.0104373762,-0.001140894735,-0.01132075472,-0.02127659574,-0.02250697674,0.00632183908
2001-02-28,-0.0449,-0.0965,0.0038,-0.0013,-0.01597174151,0.02545010698,0.003816793893,-0.04347826087,-0.06318564593,0.003997715591
2001-03-31,-0.0289,-0.0683,0.0042,-0.0019,0.009705454638,0.003317958676,-0.01140684411,0,0.02214871795,0.002275312856
2001-04-30,0.0566,0.0832,0.0039,0.1002,0.02385559371,-0.02809417674,0.04615384615,0,0.03664559194,0.003972758229
2001-05-31,0.0306,0.01,0.0032,0.0019,0.02420885661,-0.001652537788,-0.007352941176,0,-0.02606829268,0.004522328999
2001-06-30,0.0111,-0.0166,0.0028,-0.0742,0.05861341434,0.005289216477,-0.007407407407,-0.02272727273,-0.06503919598,0.001688238604
2001-07-31,-0.0287,-0.0183,0.003,-0.0212,-0.01986338449,0.0317077218,0.01492537313,-0.02325581395,0.01917250674,-0.002808988764
2001-08-31,-0.0331,-0.0609,0.0031,-0.0357,0.03656460744,0.02149519408,0.04044117647,0.04761904762,-0.03138275862,0
2001-09-30,-0.0755,-0.0896,0.0028,-0.0612,-0.04152507945,0.0239013742,0,0,-0.1070901099,0.004507042254
2001-10-31,0.0219,0.027,0.0022,0.0496,-0.02861300154,0.02800911787,-0.02473498233,-0.06818181818,-0.02866419753,-0.003365114975
2001-11-30,0.0469,0.077,0.0017,-0.0412,0.05503159361,-0.03422236966,0,0.07317073171,-0.001484713376,-0.001688238604
2001-12-31,0.0488,0.0176,0.0015,0.0593,0.02435711279,-0.01854639806,0.02173913043,0.02272727273,0.01747444089,-0.003945885006
2002-01-31,-0.0022,-0.013,0.0014,-0.0279,0.001960975191,0.004225,0.04964539007,-0.02222222222,0.02026792453,0.002263723826
2002-02-28,-0.0197,-0.0217,0.0013,0.0561,0.01928107819,0.01911898784,-0.006756756757,0.02272727273,0.1062382716,0.00395256917
2002-03-31,0.0584,0.0437,0.0013,0.0764,0.05998762603,-0.03720102307,0.0306122449,0.02222222222,0.04319944134,0.005624296963
2002-04-30,-0.0041,-0.0506,0.0015,-0.0455,0.008526876539,0.02855480385,0.03630363036,0.02173913043,0.0015,0.005592841163
2002-05-31,-0.0251,-0.0122,0.0014,-0.008,0.01353990199,0.00658789644,0.02229299363,0.04255319149,-0.01736675603,0
2002-06-30,-0.029,-0.071,0.0013,0.0006,0.02733091306,0.02149534714,-0.02492211838,0,0.03681912568,0.0005561735261
2002-07-31,-0.1187,-0.0804,0.0015,-0.1165,-0.05230608079,0.03197316468,-0.009584664537,-0.08163265306,0.01996965699,0.001111728738
2002-08-31,0.0139,0.0064,0.0014,0.0058,-0.001954884764,0.03380513088,0.02903225806,0.02222222222,0.05580414508,0.00333148251
2002-09-30,-0.0311,-0.102,0.0014,-0.0785,-0.03837802974,0.0459002383,-0.006269592476,-0.04347826087,0.0014,0.001660210293
2002-10-31,0.0515,0.0798,0.0014,0.0314,-0.04812307073,-0.02158519498,0.006309148265,0.02272727273,-0.05756805897,0.001657458564
2002-11-30,0.0232,0.0608,0.0012,0.0295,0.04708967104,-0.02018480873,0.0407523511,0.02222222222,0.1056386423,0
2002-12-31,-0.0175,-0.0565,0.0011,0.0074,0.007425075139,0.03566506253,0.07530120482,0.04347826087,0.06729385343,-0.002206287921
2003-01-31,-0.0101,-0.0247,0.001,-0.0239,-0.02907077543,-0.01070705168,0.005602240896,-0.02083333333,0.07195343681,0.004422332781
2003-02-28,0.0038,-0.0179,0.0009,0.0185,0.01654493728,0.02737805181,-0.05013927577,-0.04255319149,-0.07156376812,0.007705008255
2003-03-31,0.036,0.0119,0.001,0.0154,0.02001868524,-0.006800147444,-0.03812316716,0,-0.09944642857,0.006007646095
2003-04-30,0.0464,0.0828,0.001,-0.005,0.04396887708,-0.001739899598,0.08536585366,0.04444444444,0.02829528536,-0.00217155266
2003-05-31,0.071,0.0614,0.0009,0.085,0.06039123099,0.0470765682,0,-0.04255319149,0.02747004831,-0.001632208923
2003-06-30,0.018,0.0152,0.001,-0.0099,0.02175164855,-0.01140387642,-0.01404494382,0.06666666667,-0.001352941176,0.001089918256
2003-07-31,0.0352,0.024,0.0007,-0.0252,0.0535182359,-0.07291384554,0.02564102564,0.04166666667,0.03136037736,0.001088731628
2003-08-31,0.0395,0.024,0.0007,0.0618,0.005355853313,0.006942043227,0.05277777778,0.04,-0.04277826087,0.003806416531
2003-09-30,-0.014,-0.0116,0.0008,-0.0218,0.03400090455,0.04384677272,0,-0.03846153846,0.06300095694,0.003250270856
2003-10-31,0.1162,0.0615,0.0007,0.0156,0.01806649188,-0.02647395993,0.0290237467,0.04,-0.001552252252,-0.001079913607
2003-11-30,0.0316,0.0142,0.0007,0.0064,0.04359497854,0.002804017134,0.04358974359,0.07692307692,0.05939074492,-0.002702702703
2003-12-31,-0.0125,0.0437,0.0008,0.1347,0.03498009349,0.00926580498,0.0171990172,0.125,0.03704733475,-0.00108401084
2004-01-31,0.037,0.0222,0.0007,0.0031,0.043261038,0.01248257629,-0.02173913043,0.01587301587,-0.003415226337,0.004883342377
2004-02-29,-0.0015,0.0146,0.0006,0.0452,0.01748566737,0.01737209367,0.004938271605,0.125,0.06051735537,0.005399568035
2004-03-31,-0.0147,-0.0123,0.0009,-0.0006,0.05526457259,0.01402557985,-0.009828009828,-0.01388888889,0.0009,0.006444683136
2004-04-30,-0.0774,-0.0173,0.0008,0.0266,-0.1458140365,-0.05018525907,-0.04714640199,-0.1690140845,0.06512748538,0.003201707577
2004-05-31,0.0274,0.0124,0.0006,0.0048,0.07127998192,-0.00652259202,0.02083333333,0,-0.03603003663,0.00585106383
2004-06-30,0.0178,0.0193,0.0008,0.0536,0.02932531402,0.007057861251,0.01530612245,0.06779661017,0.04072395437,0.003172924379
2004-07-31,-0.0869,-0.0394,0.001,0.034,0.003294078625,0.01342822742,0.007537688442,0.06349206349,0.04853199269,-0.001581444386
2004-08-31,-0.0213,0.0018,0.0011,-0.0133,0.07936532649,0.03381125731,0.009975062344,-0.0447761194,0.0011,0.0005279831045
2004-09-30,0.0728,0.0171,0.0011,0.0882,-0.0005953604535,0.002629591057,0.03703703704,0.109375,0.1058120419,0.002110817942
2004-10-31,0.0182,0.0153,0.0011,0.0065,0.0535925438,0.01079042381,0.04523809524,0.05633802817,-0.07946872038,0.005265929437
2004-11-30,0.0986,0.0468,0.0015,0.0631,0.0430317438,-0.02153493092,0.006833712984,-0.05333333333,-0.03114604811,0.0005238344683
2004-12-31,0.0208,0.0358,0.0016,-0.0231,0.04853422389,0.01333152273,-0.0407239819,-0.07042253521,0.06554316163,-0.003664921466
2005-01-31,-0.0409,-0.0259,0.0016,0.0299,-0.08396980136,0.01165408943,-0.002358490566,0.06060606061,0.02497228715,0.002101944298
2005-02-28,0.0545,0.0204,0.0016,0.1957,0.03066911969,-0.01422801549,0.02600472813,0.02857142857,0.1157924959,0.005768222339
2005-03-31,-0.0153,-0.0173,0.0021,-0.0344,-0.01549871135,-0.007541265326,-0.01673926926,-0.01388888889,-0.01254128843,0.007820646507
2005-04-30,-0.0646,-0.024,0.0021,-0.0558,0.05319346715,0.02722107929,0.01282645218,-0.01408450704,-0.04396240713,0.006725297465
2005-05-31,0.0642,0.0389,0.0024,0.0195,0.03465952983,0.02067733835,-0.04006442298,0.04285714286,0.07405109034,-0.001027749229
2005-06-30,0.0553,0.0081,0.0023,0.0575,0.05027318916,0.008252994658,0.04245623397,-0.04109589041,0.04445116279,0.0005144032922
2005-07-31,0.0568,0.0416,0.0024,0.0554,0.07136606107,-0.02414217958,-0.0131155448,0,0.09305550907,0.004627249357
2005-08-31,0.0123,-0.009,0.003,0.0573,-0.03656663658,0.02480303082,0.01259032417,0.02857142857,0.02985421995,0.005117707267
2005-09-30,0.0387,0.0077,0.0029,0.072,0.005957854278,-0.02238811838,0.07759610828,0.06944444444,-0.02325193026,0.01221995927
2005-10-31,-0.0274,-0.0177,0.0027,-0.1017,-0.02366231759,-0.01468040244,-0.007051280676,0.02597402597,-0.05740230179,0.002012072435
2005-11-30,0.0309,0.0392,0.0031,0.0102,0.04213385294,0.01019686769,0.05745646821,0.08860759494,0.05344013605,-0.008032128514
2005-12-31,0.0184,0.0008,0.0032,0.0041,-0.001994745201,0.01176559763,0.05270651662,0.05813953488,0.0342880829,-0.004048582996
2006-01-31,0.0985,0.0338,0.0035,0.1248,0.07304990418,-0.007500278015,0.09781559167,0.04395604396,-0.0316758794,0.00762195122
2006-02-28,-0.0533,0.0004,0.0034,-0.0814,0.01789153442,0.002182432637,-0.01303044252,0.09473684211,0.01772291667,0.002017145739
2006-03-31,0.0458,0.0184,0.0037,0.0395,0.05050681,-0.02053208006,0.03889383307,0.2115384615,0.02790889193,0.005535983895
2006-04-30,0.0195,0.0109,0.0036,0.0405,-0.03716393,-0.01226463308,0.1193543151,0.06349206349,0.0701755197,0.008508508509
2006-05-31,-0.0798,-0.0313,0.0043,-0.0353,-0.02846624,0.0003497073528,-0.01503529422,-0.1940298507,-0.0039032831,0.004962779156
2006-06-30,-0.0049,0.0005,0.004,0.0306,0.05202593,0.001944773831,-0.04626167099,-0.1179125982,-0.008620778252,0.001975308642
2006-07-31,-0.063,-0.0037,0.004,0.0568,0.03373005,0.01676888882,0.03315369328,0.0247778099,0.02213457355,0.002957121735
2006-08-31,-0.0196,0.0245,0.0042,-0.0305,0.03784922,0.02388623067,-0.01485936394,0.1307928196,-0.03325604489,0.001965601966
2006-09-30,0.0211,0.0225,0.0041,-0.0351,0.01848133,0.01187876701,-0.04492935472,-0.1128757189,-0.04199997497,-0.004904364885
2006-10-31,0.0641,0.0363,0.0041,0.0498,0.06264107,0.006248696696,0.01024863388,0.07134742991,0.01002068691,-0.005421389847
2006-11-30,0.0223,0.0212,0.0042,0.0865,0.04648634,0.01583734528,0.07134540163,0.1385719605,0.06572979937,-0.001486620416
2006-12-31,0.0084,0.0125,0.004,-0.0167,-0.01563238,-0.0160393687,-0.01816207771,-0.07903780492,-0.02319940869,0.001488833747
2007-01-31,0.0312,0.0182,0.0044,-0.014,0.084213,-0.005504039008,0.02529649471,0.05068403742,-0.02400330268,0.003052527255
2007-02-28,-0.0279,-0.0158,0.0038,-0.0221,-0.02239203,0.0255144102,0.02513486918,0.04505772531,0.0508544494,0.00535036756
2007-03-31,0.0214,0.0114,0.0043,0.0599,-0.02386884,-0.003332495066,-0.009777313885,-0.05472564698,0.006743513774,0.009105695851
2007-04-30,0.0214,0.0393,0.0044,0.0492,-0.0001980967,0.005461508419,0.02081112004,-0.001273232352,0.007486051783,0.006496162687
2007-05-31,0.0538,0.0364,0.0041,0.0699,0.0005227204,-0.0172867767,-0.02395830059,0.003599575216,-0.002346392701,0.006110718675
2007-06-30,-0.0118,-0.0156,0.004,0.0111,-0.0906869,-0.006035279324,-0.01799055195,-0.07718747391,0.007447994998,0.001937975177
2007-07-31,-0.0149,-0.0332,0.004,-0.0078,-0.07802192,0.02388213698,0.02328832412,0.03659916197,0.01906609915,-0.0002543772078
2007-08-31,0.0188,0.0136,0.0042,0.0026,0.06571327,0.02310325837,0.01107570224,-0.0628026791,-0.01909110221,-0.001833902227
2007-09-30,0.0776,0.0354,0.0032,0.0771,0.04405763,-0.0001905009368,0.1048919385,0.1381063151,0.09420006009,0.002755907405
2007-10-31,0.0766,0.0211,0.0032,0.0241,0.0112057,0.01261343059,0.06749969077,0.05162943519,0.08502307393,0.002139191328
2007-11-30,-0.0597,-0.0446,0.0034,-0.0456,-0.0906957,0.04548990832,-0.01412214494,-0.0320334296,-0.006229454281,0.005939617873
2007-12-31,0.0431,-0.006,0.0027,0.0752,-0.05028338,-0.002403637983,0.06400823442,0.05733812612,0.06704234558,-0.0006708631296
2008-01-31,-0.1318,-0.0612,0.0021,-0.0929,-0.01025685,0.03410407114,0.1097634621,0.1443152554,0.02915071054,0.004970576473
2008-02-29,0.0205,-0.0296,0.0013,0.0688,-0.03558226,0.01476821112,0.05311476297,0.1694611927,0.1114532873,0.002904112185
2008-03-31,-0.0067,-0.0077,0.0017,-0.0273,0.06231386,0.009659187977,-0.05904932643,-0.1335671649,-0.00914124179,0.008668212931
2008-04-30,0.0968,0.0479,0.0018,0.1029,0.05859236,-0.0235799759,-0.0461012687,-0.01883698409,0.06038567495,0.00606477839
2008-05-31,0.0692,0.0205,0.0018,0.0359,0.007708206,-0.02049941354,0.01133074007,-0.002810943763,0.06907469751,0.008420886032
2008-06-30,-0.0047,-0.0826,0.0017,0.0203,-0.10875524,0.009109097392,0.04298621419,0.03538656156,0.1043157519,0.01007699693
2008-07-31,-0.0936,-0.006,0.0015,-0.1528,0.03471076,0.003325,-0.01216705681,0.01546661595,-0.09781171675,0.005251011128
2008-08-31,-0.0288,0.0166,0.0013,0.0026,0.02209194,0.01651408548,-0.090435034,-0.2373075093,-0.06534653823,-0.003991562256
2008-09-30,-0.1523,-0.092,0.0015,-0.1093,-0.001932706,0.001544626625,0.04269859716,-0.1136873237,-0.1024892556,-0.001383018541
2008-10-31,-0.152,-0.1712,0.0008,-0.1638,-0.316682,-0.009866503704,-0.1625131567,-0.1915612139,-0.2508114684,-0.01010133328
2008-11-30,-0.0762,-0.0771,0.0003,0.0094,-0.2305537,0.09637298074,0.1223806099,0.06784964757,-0.1236706715,-0.01915289533
2008-12-31,0.008,0.0177,0,-0.024,0.1639232,0.06303119141,0.07866566321,0.09481918969,-0.03262184424,-0.01034247381
2009-01-31,-0.1205,-0.0809,0,-0.0364,-0.1730784,-0.05169037829,0.05423485963,0.1178572028,-0.04436069228,0.004352417375
2009-02-28,-0.0558,-0.1013,0.0001,-0.1266,-0.208244,-0.01047212797,0.01422943509,0.02875396513,-0.05629605961,0.004972933036
2009-03-31,0.0547,0.0903,0.0002,0.0404,0.04061832,0.02951235646,-0.0244981914,-0.006987589426,0.04657223452,0.002431748455
2009-04-30,-0.0012,0.1018,0.0001,0.0432,0.3101956,-0.0360681732,-0.03374260056,-0.04534792222,-0.0009998810085,0.002496368278
2009-05-31,0.0177,0.0521,0,0.0994,0.02156795,-0.02337166345,0.1023586023,0.2669942849,0.1626625939,0.002888763834
2009-06-30,0.0306,0.0043,0.0001,-0.0458,-0.03732244,-0.002126852384,-0.05224348211,-0.1351002015,-0.02625912885,0.008589892264
2009-07-31,0.0563,0.0775,0.0001,0.0508,0.10472813,0.003778494297,0.02465757604,0.02391626995,0.01856762234,-0.001585586922
2009-08-31,0.002,0.0334,0.0001,0.0077,0.13389514,0.01303425468,-0.0005347715787,0.06715329118,-0.04036457517,0.002242850045
2009-09-30,0.0468,0.0409,0.0001,0.0481,0.06395159,0.0104424513,0.05864091668,0.1203829883,-0.002261354951,0.0006254806935
2009-10-31,-0.0383,-0.0253,0,0.0255,-0.04504382,-0.0056549888,0.0378045651,-0.0189254873,0.06935632145,0.0009631011858
2009-11-30,0.0649,0.0563,0,0.03,0.06910574,0.01983390591,0.1273010748,0.1294337251,0.04535815325,0.0007077533688
2009-12-31,0.0536,0.0281,0.0001,-0.0077,0.0714972,-0.05003028133,-0.07231725135,-0.08870516458,-0.001621958297,-0.001761198169
2010-01-31,-0.0664,-0.0335,0,-0.0476,-0.05210561,0.02152020083,-0.01257336529,-0.03869415124,-0.07839173602,0.00341747357
2010-02-28,0.0845,0.0339,0,0.0231,0.05338519,0.004691335574,0.03244669449,0.01069182895,0.04142788323,0.0002492073821
2010-03-31,0.0864,0.0631,0.0001,0.0324,0.10184436,-0.0159417989,-0.003928395839,0.0665836786,-0.004654927572,0.004106283537
2010-04-30,0.0684,0.02,0.0001,0.043,0.06941993,0.01564900819,0.0586077177,0.06534427533,0.03911559046,0.001736884911
2010-05-31,-0.0991,-0.0789,0.0001,-0.1006,-0.05545322,0.03520238697,0.03006412473,-0.01259581266,-0.1014730043,0.0007751973542
2010-06-30,-0.1099,-0.0555,0.0001,-0.0616,-0.05017013,0.03198822251,0.0236353048,0.009983271825,-0.01775960565,-0.0009762670847
2010-07-31,0.1021,0.0693,0.0001,0.0745,0.09522461,0.005057927995,-0.05012322538,-0.03459633126,0.06119614323,0.0002110430574
2010-08-31,-0.0555,-0.0477,0.0001,-0.0333,-0.0138799,0.04387026584,0.05709341034,0.07679183091,-0.03014412694,0.001380664278
2010-09-30,0.1366,0.0956,0.0001,0.0904,0.04467274,-0.003213579637,0.04746316784,0.1257263139,0.08603615451,0.0005817362307
2010-10-31,0.0546,0.0388,0.0001,0.0448,0.04701331,-0.006634601453,0.03749996368,0.1342093234,0.04437987481,0.001245198888
2010-11-30,0.0617,0.006,0.0001,0.0514,-0.019581,-0.01340578749,0.02108438948,0.1352917024,-0.004368563467,0.0004206464238
2010-12-31,0.0435,0.0683,0.0001,0.0918,0.04656889,-0.03910604569,0.02507368647,0.09985421714,0.09892292789,0.001718440789
2011-01-31,0.0063,0.0199,0.0001,0.0718,0.04124908,-0.007341055229,-0.06402873482,-0.09244535745,0.03557171067,0.004763230054
2011-02-28,0.0399,0.0349,0.0001,0.0797,0.04582882,0.00285,0.05995386005,0.2088353906,0.04171041568,0.004931365025
2011-03-31,0.0293,0.0046,0.0001,0.0182,-0.01280823,-0.00134435432,0.01667878873,0.1105406155,0.02658145096,0.009751072031
2011-04-30,0.0326,0.029,0,0.0178,0.05113542,0.01556732237,0.08915834231,0.2749524201,0.04555888126,0.006439429535
2011-05-31,-0.029,-0.0127,0,-0.0446,0.009991837,0.02588730928,-0.01833665216,-0.1979522692,-0.0517240599,0.004704187527
2011-06-30,-0.0001,-0.0174,0,-0.0216,-0.03070972,-0.00851956521,-0.02334886145,-0.09999995941,-0.04264469178,-0.001070967057
2011-07-31,-0.0157,-0.0235,0,0.0048,0.01052372,0.03382947598,0.08401636021,0.1480495951,0.04558005658,0.0008860456668
2011-08-31,-0.0863,-0.0595,0.0001,-0.0957,-0.05596385,0.05497301311,0.1228733348,0.04118410172,-0.003962987083,0.002757588902
2011-09-30,-0.1566,-0.0758,0,-0.1167,-0.10973479,0.02994191398,-0.1116722674,-0.2852904994,-0.1462201754,0.001518462116
2011-10-31,0.1444,0.1133,0,0.1594,0.14277207,-0.02076505713,0.05938095634,0.1566931444,0.07650476937,-0.002062682633
2011-11-30,-0.0136,-0.0027,0,0.0239,-0.03758724,0.009896220334,0.01729272512,-0.04306216163,-0.002885985035,-0.0008435613304
2011-12-31,-0.0118,0.0075,0,-0.0001,0.0479498,0.01897191849,-0.1072684631,-0.1581249833,-0.02894354376,-0.002466516377
2012-01-31,0.0263,0.0505,0,0.01,0.06358287,0.007035280838,0.1149047966,0.1982181938,0.03688531067,0.004400191428
2012-02-29,0.058,0.0442,0,0.067,-0.009109821,-0.01202280159,-0.02944640833,0.03934326226,0.0535392934,0.004402973551
2012-03-31,0.0508,0.0312,0,-0.0308,0.0484085,-0.02064788691,-0.01274266324,-0.06467958646,-0.01773530065,0.007594558624
2012-04-30,0.0037,-0.0085,0,-0.0164,0.02672976,0.02718581447,-0.002458568807,-0.04047159287,-0.01354162096,0.003021029504
2012-05-31,-0.0479,-0.0616,0.0001,-0.1031,-0.04410722,0.0347873844,-0.06284655163,-0.1046164551,-0.1115804794,-0.001173479366
2012-06-30,0.0193,0.0389,0,0.0584,0.059659,-0.006014566828,0.02301120188,-0.0114984969,0.02020602985,-0.001466396884
2012-07-31,0.0251,0.0079,0,0.0307,0.02169961,0.01619055212,0.01028276627,0.01763606857,0.05825250033,-0.001629785862
2012-08-31,0.039,0.0255,0.0001,0.0239,0.0011967347,-0.004274348097,0.04834600905,0.1353244824,0.05651373471,0.005565158181
2012-09-30,0.0221,0.0274,0.0001,0.0384,-0.01233234,-0.006038680412,0.04793695009,0.08736598072,-0.003820786191,0.004462212268
2012-10-31,-0.0593,-0.0175,0.0001,-0.022,-0.00251194,-0.005030871693,-0.02953099105,-0.0660095315,-0.03905167281,-0.0003889251406
2012-11-30,0.0167,0.0079,0.0001,-0.0133,-0.002717931,0.01063108856,-0.004773265077,0.03485769546,0.01959373761,-0.004738086695
2012-12-31,0.019,0.0119,0.0001,0.0122,0.03647547,-0.01324759841,-0.02398079204,-0.09239801344,-0.01138782813,-0.00269306449
2013-01-31,0.0591,0.0557,0,0.0766,0.03657355,-0.0201495424,-0.004914000021,0.03643172164,0.024837813,0.002957304193
2013-02-28,0.019,0.0128,0,0.008,0.01240955,0.01347815476,-0.05123461965,-0.09526936819,-0.04706703311,0.008190029529
2013-03-31,0.0543,0.0404,0,0.0209,0.03007555,0.003391420519,0.009759308608,-0.004357328805,0.006634680054,0.002614508584
2013-04-30,0.0025,0.0156,0,-0.0133,0.06330627,0.01713121834,-0.07538660063,-0.1444201671,-0.03808121661,-0.001039639477
2013-05-31,0.0469,0.028,0,0.0307,-0.05900073,-0.03975568876,-0.0620209282,-0.08610394839,-0.01560718676,0.001780407774
2013-06-30,-0.0425,-0.012,0,-0.0211,-0.02188032,-0.02984723038,-0.109212501,-0.1152052779,-0.02822905301,0.002399708086
2013-07-31,0.0997,0.0565,0,0.0511,0.008287745,-0.004904782723,0.07256045889,0.008961522526,0.03183462414,0.0003939975332
2013-08-31,-0.0281,-0.0271,0,-0.0197,-0.06622183,-0.01345396874,0.05209954074,0.1807733073,0.02815275878,0.001202931557
2013-09-30,0.0755,0.0377,0,0.0195,0.03434164,0.01455069697,-0.04730224701,-0.07522127141,-0.03375847922,0.001163004485
2013-10-31,0.023,0.0417,0,0.0473,0.04334852,0.008338334852,-0.003103177718,0.009569414681,-0.0003882401005,-0.00257528326
2013-11-30,0.0315,0.0311,0,0.0092,-0.048655,-0.01350219922,-0.05603114753,-0.0881516861,-0.009320329966,-0.002042424191
2013-12-31,0.0312,0.0281,0,0.0296,0.005781782,-0.02255384757,-0.0370980878,-0.02754681357,0.005880054075,-8.581149788e-05
2014-01-31,0.0061,-0.0332,0,-0.0689,0.03312025,0.03481800291,0.03339035783,-0.0138962231,-0.03039757718,0.003720247673
2014-02-28,0.0616,0.0466,0,0.057,0.04666762,0.003097991887,0.06462309083,0.1029810049,0.05024116058,0.003697908651
2014-03-31,-0.0598,0.0043,0,0.025,0.00353204,-0.003873092332,-0.03190667618,-0.06437343693,-0.0003826563053,0.006440044126
2014-04-30,-0.0346,-0.0018,0,0.0564,0.02994426,0.007510351823,0.004823185016,-0.03046227957,0.01110257655,0.003296754453
2014-05-31,0.0383,0.0205,0,0.0097,0.02914083,0.01896101938,-0.02959999085,-0.0205850043,-0.01438848429,0.00349260984
2014-06-30,0.0547,0.026,0,0.0413,0.01066446,-0.002326594142,0.06183017255,0.1200221286,0.02112946324,0.001862126944
2014-07-31,-0.0052,-0.0203,0,-0.0346,0.0003184225,-0.002274011452,-0.03571428836,-0.03308642353,-0.04740418985,-0.0003901939642
2014-08-31,0.054,0.0424,0,0.023,0.03274905,0.02254125208,0.003220608819,-0.04443313802,-0.01145328156,-0.001670514166
2014-09-30,-0.0239,-0.0196,0,-0.0777,-0.05605284,-0.01298619212,-0.06099520277,-0.1261356931,-0.07231317674,0.0007525688243
2014-10-31,0.0223,0.0251,0,-0.0422,0.08989064,0.01717179501,-0.02991448148,-0.05198778971,-0.0387597366,-0.002512277813
2014-11-30,0.0398,0.0256,0,-0.0973,0.02336768,0.01715894599,-0.005286380402,-0.04322581137,-0.08512552104,-0.005399417941
2014-12-31,-0.0226,-0.0005,0,0.0072,0.0125623,0.002711268952,0.01328606014,0.01550913671,-0.09647394534,-0.00567010091
2015-01-31,0.0064,-0.031,0,-0.0421,0.06165835,0.04674039851,0.08653852805,0.09827360258,-0.0569106387,-0.004705892373
2015-02-28,0.0614,0.0613,0,0.0464,-0.03039309,-0.02747288475,-0.05792439658,-0.04050791977,0.04425298713,0.004343044924
2015-03-31,-0.0081,-0.0111,0,-0.0237,0.01011711,0.007096720213,-0.02220326457,0.003780744796,-0.06053940179,0.005951721611
2015-04-30,-0.0245,0.0059,0,0.0663,-0.049486,-0.00828344897,-0.0008733824502,-0.0313873189,0.07147049592,0.002032873255
2015-05-31,0.0456,0.0137,0,-0.0505,-0.002212351,-0.004569617282,0.006118938036,0.03629290049,-0.03171148627,0.005097232025
2015-06-30,-0.0056,-0.0152,0,-0.0365,-0.04116497,-0.01862458541,-0.01476977176,-0.0600375267,0.01637495564,0.003502869999
2015-07-31,0.0196,0.0157,0,-0.089,0.04987135,0.01535719501,-0.06701941963,-0.06320690793,-0.1261111434,6.70471593e-05
2015-08-31,-0.0629,-0.0602,0,-0.0372,-0.05819743,0.00094052353,0.03780714759,-0.006392056335,-0.002542824226,-0.001416276283
2015-09-30,-0.0319,-0.0306,0,-0.0556,0.02133048,0.0153350375,-0.01821491963,-0.008577547355,-0.03441675453,-0.001556756575
2015-10-31,0.0689,0.0775,0,0.1238,0.06471078,-0.007233845382,0.02226351863,0.06705121218,0.003300309145,-0.0004496837504
2015-11-30,0.0127,0.0057,0,0.0104,-0.001705209,-0.002664049017,-0.06715069818,-0.09189193194,-0.06644732034,-0.002110680379
2015-12-31,-0.0119,-0.0214,0.0001,-0.0966,0.01310456,-0.003499117174,-0.004863831914,-0.01860119105,-0.05849200069,-0.003417096437
2016-01-31,-0.0622,-0.0573,0.0001,-0.0436,-0.03519572,0.03175696117,0.05376346192,0.03032604891,-0.0434131557,0.001653102209
2016-02-29,-0.0329,-0.0004,0.0002,-0.0303,-0.00427866,0.01990063318,0.1122449043,0.04488591979,-0.002347314858,0.0008230765335
2016-03-31,0.0582,0.0697,0.0002,0.1086,0.10171181,-0.002199399601,-0.009174283467,0.0338028523,0.04235284833,0.004306000143
2016-04-30,-0.0159,0.0093,0.0001,0.0916,-0.01813661,-0.003066900698,0.05050500186,0.1566756941,0.09706536235,0.004741067979
2016-05-31,0.0348,0.0179,0.0001,-0.0061,0.02313615,0.0006154128236,-0.06089738005,-0.1054181396,0.008916345906,0.004045790998
2016-06-30,0.0087,-0.0001,0.0002,0.0255,0.06918973,0.03393885219,0.08873719611,0.1757736079,0.04350800767,0.003284366167
2016-07-31,0.0422,0.0396,0.0002,-0.0281,0.03889056,0.004023527514,0.02037619313,0.08342663608,-0.06970705612,-0.001618136405
2016-08-31,-0.0103,0.0051,0.0002,0.0164,-0.034749,-0.009843076813,-0.03225806924,-0.08423777963,0.007703270746,0.0009184301079
2016-09-30,0.0309,0.0029,0.0002,0.0282,-0.01481016,-0.0005247528034,0.007142793353,0.02708811896,0.04308543763,0.002403995865
2016-10-31,-0.0524,-0.0199,0.0002,-0.0297,-0.05110135,-0.0204967589,-0.02915680834,-0.0675824944,-0.003331166716,0.001246748513
2016-11-30,0.0749,0.0487,0.0001,0.0956,-0.02422323,-0.04540827471,-0.08360387651,-0.07719502174,0.01671127618,-0.001555460867
2016-12-31,-0.0044,0.0184,0.0003,0.0204,0.04462903,-0.00508229153,-0.01860053489,-0.03512134074,0.04142015388,0.0003273213923
2017-01-31,0.0367,0.0198,0.0004,-0.043,0.001659182,0.002041666667,0.05324911161,0.1005956015,-0.005681924597,0.00582772789
2017-02-28,0.0001,0.0359,0.0004,-0.0242,0.04014185,0.01001686628,0.03170521706,0.04449799854,-0.001904678417,0.003146117386
2017-03-31,0.0043,0.002,0.0003,-0.0124,-0.01573759,-0.001570792882,-0.002491672183,-0.006908510844,-0.0324427585,0.0008127978719
2017-04-30,0.0023,0.0113,0.0005,-0.0269,0.004332089,0.01178164139,0.01665277314,-0.055072508,-0.0269560026,0.002965533365
2017-05-31,0.035,0.0113,0.0006,-0.0339,-0.0012732,0.00905081176,-0.0008190195661,0.005521482003,-0.01418917675,0.0008547218269
2017-06-30,0.0094,0.0085,0.0006,-0.0012,0.01962949,-0.007041842127,-0.0213114945,-0.04148867461,-0.009595630661,0.0009071110149
2017-07-31,0.0299,0.0195,0.0007,0.0196,0.01265057,0.002813795345,0.0234506446,0.01209418076,0.04083042903,-0.0006899226389
2017-08-31,0.0016,0.0027,0.0009,-0.0518,0.006420814,0.01805996825,0.04091652938,0.04716981244,0.003989411877,0.002994452297
2017-09-30,0.0422,0.0258,0.0009,0.1105,-0.007932578,-0.01687005417,-0.03223269174,-0.05465464675,0.01986749971,0.005294905893
2017-10-31,0.0562,0.0235,0.0009,0.0041,0.001274575,-0.002484575633,-0.008123507558,0.003176632242,0.03961043598,-0.0006320421037
2017-11-30,0.0299,0.032,0.0008,0.0292,0.02654284,-0.001550596944,0.003276000139,-0.01773272537,0.009369155984,2.432468591e-05
2017-12-31,-0.006,0.0115,0.0009,0.0498,-0.002932079,0.003785396441,0.02122450848,0.03094774566,0.02784663893,-0.0005878322773
2018-01-31,0.1184,0.0569,0.0011,0.028,-0.02945163,-0.0258527035,0.03277376817,0.02251410978,0.02950018061,0.005447745453
2018-02-28,-0.0304,-0.0353,0.0011,-0.1094,-0.07271194,-0.01069269905,-0.02012385661,-0.05443427051,-0.02923958284,0.004534689975
2018-03-31,-0.0316,-0.0223,0.0012,0.0318,0.03709864,0.01369561469,0.005529201858,-0.003234164979,0.02289135053,0.002261125904
2018-04-30,0.0139,0.0041,0.0014,0.1009,0.005208406,-0.01578824271,-0.008640978844,-0.0019467705,0.0341579516,0.003975091563
2018-05-31,0.0731,0.028,0.0014,0.0334,0.03601953,0.01284635152,-0.01267827645,0.005201555475,0.02676539835,0.004158916925
2018-06-30,0.0049,0.0063,0.0014,0.0047,0.0418394,0.0006287086453,-0.03531296782,-0.02005177352,-0.01941215476,0.001593875702
2018-07-31,0.0094,0.0336,0.0016,0.0109,0.006074192,-0.007086394601,-0.02329456539,-0.03564356273,-0.02432130474,6.746326229e-05
2018-08-31,0.1,0.0361,0.0016,-0.0289,0.02776875,0.01111051545,-0.02044291106,-0.06570842304,0.007536119181,0.0005555423284
2018-09-30,-0.0064,0.0021,0.0015,0.0347,-0.024472,-0.01388674851,-0.006086929984,0.005860800432,0.0339472457,0.001162025176
2018-10-31,-0.1562,-0.0746,0.0019,-0.1177,-0.02645379,-0.005979519972,0.02099735473,-0.02330660638,-0.05620486881,0.001766763456
2018-11-30,0.0163,0.0189,0.0018,-0.0216,0.04752337,0.01463712565,0.003427588822,-0.006711420856,-0.09846696411,-0.003349348518
2018-12-31,-0.0833,-0.0936,0.0019,-0.1317,-0.07889857,0.03040251118,0.04953030929,0.09009014943,-0.04001255657,-0.003193962815
2019-01-31,0.1081,0.0858,0.0021,0.1033,0.11579767,0.007487427539,0.02847846888,0.03650135787,0.07108351912,0.001906596665
2019-02-28,0.0506,0.036,0.0018,0.0245,0.005415813,-0.006507989046,-0.004746868506,-0.02790698146,0.02835052249,0.00422705314
2019-03-31,0.0062,0.0129,0.0019,0.0206,0.04448368,0.03056055429,-0.01589823613,-0.03075870169,-0.00375938355,0.005641358357
2019-04-30,0.0081,0.0418,0.0021,0.0011,-0.002316838,-0.006786942809,-0.007269802248,-0.01128348688,0.01194962616,0.005295001613
2019-05-31,-0.0424,-0.0671,0.0021,-0.1193,0.006440575,0.03524181685,0.01790075409,-0.02639092918,-0.05966436076,0.002128758589
2019-06-30,0.0648,0.0717,0.0018,0.089,0.01373193,0.01441522041,0.0791366709,0.04981687356,0.03965622845,0.0001991471815
2019-07-31,0.0198,0.0142,0.0019,-0.0262,0.0154025,-0.0001360729778,0.001481515389,0.06140963846,-0.01144298715,0.001670941622
2019-08-31,-0.0024,-0.0239,0.0016,-0.0853,0.04140877,0.04980418454,0.0769230715,0.1275476381,-0.0463022805,-5.066823608e-05
2019-09-30,-0.03,0.0159,0.0018,0.0379,0.01877342,-0.0152556566,-0.03159340831,-0.07172009153,0.01416039179,0.0007834485769
2019-10-31,-0.0044,0.0222,0.0015,-0.0209,0.01082612,0.0004834836761,0.02553188985,0.06281407007,0.01928192656,0.002286190552
2019-11-30,0.0358,0.0399,0.0012,0.0115,-0.01542888,-0.00680281577,-0.03319505496,-0.05910165458,-0.001304529522,-0.0005362430347
2019-12-31,0.0456,0.0291,0.0014,0.0628,0.006134306,-0.01119957406,0.03719602824,0.04773870761,0.05849153628,-0.0009097695251
2020-01-31,0.0326,0.0002,0.0013,-0.1189,0.01265238,0.03952214397,0.04620690182,0.008393248627,-0.08589349237,0.003879769938
2020-02-29,-0.0661,-0.0803,0.0012,-0.1553,-0.07025687,0.03709443446,-0.006591982919,-0.07669441055,-0.06652937807,0.002740618131
2020-03-31,-0.0959,-0.1325,0.0012,-0.3465,-0.1868468,0.04240117367,-4.465934567e-12,-0.1596908941,-0.1734018541,-0.002176451032
2020-04-30,0.1467,0.136,0,0.3284,0.08829647,0.006386378485,0.06901134285,0.07126431707,-0.03111130075,-0.006686941867
2020-05-31,0.0666,0.0558,0.0001,0.0056,0.01710452,-0.0004333400143,0.02607076725,0.1917024601,0.08073394441,1.950161668e-05
2020-06-30,0.0798,0.0246,0.0001,-0.0037,0.02309578,-0.0004245062008,0.02782813463,0.02100842644,0.04499169577,0.005472046928
2020-07-31,0.0799,0.0584,0.0001,-0.0486,0.03816314,0.01123868047,0.1100647948,0.3315696245,0.05117775414,0.005058243502
2020-08-31,0.1146,0.0763,0.0001,-0.0127,0.00136579,-0.01591568612,-0.004772012177,0.1580573944,0.0463678151,0.003153210524
2020-09-30,-0.0621,-0.0363,0.0001,-0.1516,-0.02663078,0.003494020825,-0.04155570951,-0.1749904778,-0.03545037696,0.001392746943
2020-10-31,-0.0373,-0.0207,0.0001,-0.0447,-0.03354678,-0.01757482195,-0.005558664958,0.01617377039,-0.03139361968,0.0004149377593
2020-11-30,0.1038,0.1246,0.0001,0.2872,0.09223173,0.004562237843,-0.05254324531,-0.0427467278,0.1019762461,-0.0006106272178
2020-12-31,0.0644,0.0464,0.0001,0.056,0.024498,-0.007875167519,0.06961642152,0.1672209304,0.0545193403,0.000941478467
2021-01-31,0.0209,-0.0007,0,0.0518,-0.0007115646,-0.01621741532,-0.03199117212,0.01709402042,0.03333334823,0.004253783487
2021-02-28,-0.0278,0.0281,0,0.2396,0.02722396,-0.02970665497,-0.06324779208,-0.01320527918,0.1013824293,0.005474382794
2021-03-31,-0.0652,0.0317,0,0.0224,0.05526472,-0.02622594977,-0.01094892331,-0.07948090416,-0.007172567908,0.007083273134
2021-04-30,0.045,0.0495,0,0.0059,0.08117126,0.009715390463,0.03628537173,0.05770922565,0.07826613169,0.008218909154
2021-05-31,-0.0484,0.003,0,0.0617,0.008230731,0.00782651703,0.07596431753,0.07871717499,0.03852589918,0.008017105155
2021-06-30,0.0925,0.0274,0,0.056,0.02770228,0.01337753742,-0.07032540969,-0.0648648776,0.03494613201,0.009290662902
2021-07-31,-0.0056,0.0134,0,-0.0889,0.04364436,0.02090123918,0.02521513829,-0.02436004003,0.01298704553,0.004810523526
2021-08-31,0.0308,0.0294,0,-0.0134,0.02083262,-0.004575978785,-0.000868130562,-0.06305543057,-0.01641026552,0.002065911364
2021-09-30,-0.0309,-0.044,0,0.1127,-0.0592163,-0.01925478744,-0.0324355335,-0.07317068547,0.0521377728,0.002715970859
2021-10-31,0.0422,0.0663,0,0.1029,0.07077879,-0.001502486769,0.0155642161,0.07651070466,0.05797815053,0.008308118552
2021-11-30,-0.0243,-0.0158,0,-0.0538,-0.01013621,0.01243612653,-0.007368110751,-0.04662746399,-0.0875878805,0.004913427504
2021-12-31,-0.0665,0.0324,0.0001,0.0292,0.09603878,-0.00712847365,0.0335511003,0.02136755814,0.06673514252,0.003072517161
2022-01-31,-0.1082,-0.0616,0,0.1783,-0.07932525,-0.02335432611,-0.01694915625,-0.03300794904,0.07892206834,0.008414573784
2022-02-28,0.0065,-0.0228,0,0.0824,-0.03893214,-0.002148520559,0.06107539679,0.08750008025,0.0646744757,0.009133979256
2022-03-31,0.0518,0.0308,0,0.0974,0.0706888,-0.04198242978,0.01432113572,0.01149417827,0.09174683209,0.01335137955
2022-04-30,-0.1216,-0.0941,0,-0.014,-0.03655077,-0.04726361127,-0.02144992876,-0.08041950667,0.05640835327,0.005582531026
2022-05-31,0.0166,-0.0031,0.0003,0.1583,-0.04681446,0.005867582709,-0.03246398319,-0.0570342543,0.04613143795,0.011023524
2022-06-30,-0.1041,-0.0834,0.0006,-0.1666,-0.07099087,-0.008795623918,-0.01605958061,-0.06048390896,-0.07499998289,0.01373607576
2022-07-31,0.0857,0.0965,0.0008,0.1043,0.08547523,0.02953265108,-0.02506559534,0.003218957896,-0.01989485114,-0.0001181191383
2022-08-31,0.0003,-0.0358,0.0019,0.033,-0.05884123,-0.03867669587,-0.02959646207,-0.1133690242,-0.01493687845,-0.0003543992764
2022-09-30,-0.073,-0.0915,0.0019,-0.0929,-0.12717591,-0.0534286133,-0.02865059839,0.05548854526,-0.07037314746,0.002150784513
2022-10-31,0.1798,0.0808,0.0023,0.2392,0.03381824,-0.0187766257,-0.01744374032,0.006857190833,0.05060639109,0.004056494434
2022-11-30,0.0186,0.0494,0.0029,0.0088,0.05994348,0.0382908261,0.08457065753,0.1594778282,0.01472920553,-0.001010026442
2022-12-31,-0.0423,-0.0605,0.0033,-0.0412,-0.04967224,-0.01337984078,0.02946433701,0.07782673171,-0.02711510429,-0.003070091465
2023-01-31,0.0052,0.0696,0.0035,0.0272,0.10069522,0.03335912803,0.05782017899,-0.0086285436,0.008924982104,0.007995363835
2023-02-28,-0.0502,-0.0223,0.0034,-0.0704,-0.05925785,-0.02989612217,-0.05383988009,-0.1195602666,-0.0446321101,0.005582110506
2023-03-31,0.0038,0.0284,0.0036,-0.0029,-0.01740636,0.04015897903,0.07943385571,0.1508845801,-0.0008417372593,0.003310729956
2023-04-30,0.0194,0.0097,0.0035,0.0269,0.002975134,0.006260400978,0.009098211464,0.03978296235,-0.007582200931,0.005059038683
2023-05-31,0.086,0.007,0.0036,-0.0955,-0.0422835,-0.01377239237,-0.01352421995,-0.06043475608,-0.06409162052,0.00251843501
2023-06-30,0.0848,0.0686,0.004,0.0634,0.05357826,-0.01099365189,-0.02177423003,-0.03331796394,0.02947842646,0.003228914236
2023-07-31,0.0511,0.0366,0.0045,0.0745,0.02002608,-0.009925101958,0.02225890044,0.08616568678,0.08722470284,0.001907515019
2023-08-31,-0.0119,-0.0191,0.0045,0.0202,-0.03327591,-0.006460054868,-0.01209679446,-0.01322173368,-0.003646750989,0.004367155068
2023-09-30,-0.0771,-0.048,0.0043,0.0298,-0.07040934,-0.03633000937,-0.04789111079,-0.0915587,0.01504674651,0.002485131552
2023-10-31,-0.0409,-0.0268,0.0047,-0.061,-0.03117764,-0.0189079288,0.07430689768,0.03146506317,-0.01802877481,-0.000383379523
2023-11-30,0.1276,0.0932,0.0044,-0.0159,0.11862328,0.04502790512,0.02527269909,0.1024785351,-0.02447985366,-0.002015139548
2023-12-31,0.04,0.0528,0.0043,0.0001,0.08861781,0.0439356099,0.01271400758,-0.0583656949,-0.03291277824,-0.0009933203279
2024-01-31,0.0513,0.012,0.0047,-0.0021,-0.0486048,-0.005764295902,-0.0138354373,-0.03994494086,0.01315788358,0.005447503798
2024-02-29,0.1282,0.0549,0.0042,0.0314,0.01926837,-0.01767766005,0.004156919731,-0.00860833603,-0.01522618532,0.006189671776
2024-03-31,0.0394,0.0327,0.0043,0.1044,0.01776314,0.007590349026,0.08693393696,0.09744334308,0.04456566281,0.006464169937
2024-04-30,-0.0552,-0.0418,0.0047,-0.0064,-0.07911684,-0.03525865974,0.03070699755,0.05714282359,0.0161079703,0.003893293034
2024-05-31,0.1183,0.0477,0.0044,-0.0062,0.05287532,0.01826881803,0.01593539155,0.1542620004,-0.002999076397,0.001661627566
2024-06-30,0.0687,0.0321,0.0041,-0.0206,0.02212442,0.01581152572,-0.001363977511,-0.04286745406,-0.00171900233,0.0003375054526
2024-07-31,-0.047,0.0167,0.0045,0.0196,0.0717661,0.02561220679,0.05394944036,-0.006774569335,-0.0279809725,0.001161772897
2024-08-31,0.0463,0.0208,0.0048,-0.0293,0.05625204,0.01818873127,0.02116629714,-0.001515688106,-0.02081496707,0.000813886946
2024-09-30,0.0411,0.0212,0.004,-0.0334,0.03166752,0.01150950111,0.05118447644,0.07817834672,0.007236571315,0.001604213522
2024-10-31,0.0279,-0.0061,0.0039,-0.0047,-0.03609814,-0.03473673844,0.04305833716,0.04927840993,0.01436906594,0.00115128084
2024-11-30,0.0674,0.0689,0.004,0.0647,0.03573823,0.01167181769,-0.03067129916,-0.06340152377,-0.01992033522,-0.0005417152415
2024-12-31,0.0025,-0.028,0.0037,-0.0875,-0.07998254,-0.02832249339,-0.01472640156,-0.05694842938,0.01722728462,0.0003549999525
2025-01-31,-0.0009,0.0317,0.0037,0.0149,0.0102537,0.003816666667,0.0678650924,0.08279530238,0.02759587733,0.00654615738
2025-02-28,-0.0769,-0.0211,0.0033,0.033,0.04163577,0.03129486995,0.01891431852,-0.007015109127,0.001365542182,0.004441702264
2025-03-31,-0.1125,-0.0605,0.0034,0.0391,-0.0235687,0.004341903884,0.09448673201,0.09466620825,0.02272731347,0.002247071286
2025-04-30,0.0769,-0.0049,0.0035,-0.1435,-0.01978967,0.008390428935,0.05444367595,-0.04485315907,-0.08577786324,0.003114456268
2025-05-31,0.058,0.0644,0.0038,0.0182,0.01152181,-0.0157640172,-0.000160822288,0.01351350045,0.01507046322,0.002088561231
2025-06-30,0.04,0.052,0.0034,0.0523,-0.0008158948,0.01741410164,0.003217515485,0.09366671243,0.04454033787,0.00340939138
2025-07-31,0.0069,0.0232,0.0034,0.0356,-0.01082507,-0.006907766665,-0.00561260881,0.01554398965,0.02934434239,0.001509791946
2025-08-31,-0.0127,0.0222,0.0038,0.043,0.03344617,0.01496165438,0.04983067628,0.08613442252,-0.01069050175,0.002872638122
2025-09-30,0.0782,0.0372,0.0033,-0.0075,0.0043483,0.009204063697,0.117818715,0.1707654197,0.01440797224,0.002543398276
2025-10-31,0.0453,0.0233,0.0037,-0.0082,-0.0220652,0.007532910857,0.03600388713,0.0387066186,0.01553484411,
2025-11-30,-0.0363,0.0017,0.003,0.0246,0.02247185,0.01077604913,0.05332277895,0.1635992056,0.007867126314,
2025-12-31,-0.0026,-0.0002,0.0034,-0.0094,-0.02137986,-0.009618241631,0.02216338528,0.2579574169,0.002278815761,-0.0002097975454
2026-01-31,0.0613,0.0133,0.003,0.1393,0.02800832,-0.002975923097,0.1235678083,0.1710649579,0.09257601244,0.003696914712
2026-02-28,-0.0338,-0.0089,0.0028,0.0884,0.07504776,0.0272939348,0.08629389267,0.1265906033,0.02742529956,0.004713268481
2026-03-31,-0.0651,-0.0489,0.0029,0.1309,-0.06108828,-0.02328502965,-0.1101241149,-0.1982586057,0.1533864671,0.01049007757
2026-04-30,0.3171,0.1024,0.0029,-0.0416,0.09041562,-0.004436759401,-0.01485940487,-0.02171992574,0.07426596068,0.008500573872
2026-05-31,0.2004,0.0522,0.0031,-0.0616,0.000588089,-0.0003338040341,-0.01565918979,0.02505247641,-0.0520900585,0.00631493604
2026-06-30,0.0836,-0.0078,0.0029,-0.0569,0.01487462,0.00450880997,-0.1167387528,-0.2174740263,-0.09565806442,-0.003494239429
2026-07-31,-0.1541,-0.0027,0.0033,0.148,0.02421655,-0.02075097832,0.008740511377,-0.02075931524,0.1046511977,-0.0001018110387
